DATE,TIME,TYPE,CAUSE,CATEGORY,ALARM
6/23/99,na,na,na,na,na
6/23/99,na,na,na,na,na
6/23/99,na,na,na,na,na
6/23/99,na,na,na,na,na
6/23/99,na,na,na,na,na
6/23/99,na,na,na,na,na
6/25/99,na,na,na,na,na
6/25/99,na,na,na,na,na
6/25/99,na,na,na,na,na
6/25/99,na,na,na,na,na
6/25/99,na,na,na,na,na
6/27/99,na,na,na,na,na
6/27/99,na,na,na,na,na
6/27/99,na,na,na,na,na
6/27/99,na,na,na,na,na
6/27/99,na,na,na,na,na
6/27/99,na,na,na,na,na
6/27/99,na,na,na,na,na
6/27/99,na,na,na,na,na
6/27/99,na,na,na,na,na
6/27/99,na,na,na,na,na
6/27/99,na,na,na,na,na
6/27/99,na,na,na,na,na
6/27/99,na,na,na,na,na
6/27/99,na,na,na,na,na
6/27/99,na,na,na,na,na
6/27/99,na,na,na,na,na
6/27/99,na,na,na,na,na
6/27/99,na,na,na,na,na
6/27/99,na,na,na,na,na
6/27/99,na,na,na,na,na
6/27/99,na,na,na,na,na
6/29/99,na,na,na,na,na
6/29/99,na,na,na,na,na
6/29/99,na,na,na,na,na
6/29/99,na,na,na,na,na
6/29/99,na,na,na,na,na
6/29/99,na,na,na,na,na
6/29/99,na,na,na,na,na
7/1/99,6:21,ccollpa,na,na,na
7/1/99,6:26,ccollpa,rockfall,natural,na
7/1/99,6:30,ccollpa,na,na,na
7/1/99,6:30,tree,na,na,na
7/1/99,6:38,tree,na,na,na
7/1/99,7:00,tree,na,na,na
7/1/99,7:09,ccollpa,rockfall,natural,na
7/1/99,7:10,tree,na,na,na
7/1/99,7:25,ccollpa,na,na,na
7/3/99,6:30,ccollpa,na,na,na
7/3/99,6:30,tree,na,na,na
7/3/99,6:35,ccollpa,na,na,na
7/3/99,6:37,tree,na,na,na
7/3/99,7:10,ccollpa,na,na,na
7/3/99,7:10,tree,na,na,na
7/4/99,6:33,tree,rockfall,natural,na
7/4/99,6:39,tree,na,na,na
7/4/99,6:39,ccollpa,na,na,na
7/4/99,6:50,ccollpa,na,na,na
7/4/99,7:06,ccollpa,na,na,na
7/4/99,7:13,ccollpa,na,na,na
7/4/99,7:23,ccollpa,na,na,na
7/6/99,6:31,ccollpa,na,na,na
7/6/99,6:32,ccollpa,na,na,na
7/6/99,6:40,ccollpa,na,na,na
7/6/99,6:41,tree,na,na,na
7/6/99,6:42,ccollpa,na,na,na
7/6/99,6:46,ccollpa,na,na,na
7/7/99,6:27,tree,na,na,na
7/7/99,6:28,tree,na,na,na
7/7/99,6:38,tree,na,na,na
7/7/99,6:56,tree,na,na,na
7/7/99,6:59,tree,na,na,na
7/7/99,7:01,tree,na,na,na
7/7/99,13:13,tree,raptor,natural,na
7/7/99,13:36,tree,raptor,natural,na
7/8/99,na,ccollpa,na,na,na
7/8/99,na,ccollpa,na,na,na
7/8/99,na,ccollpa,na,na,na
7/8/99,na,ccollpa,na,na,na
7/8/99,na,ccollpa,na,na,na
7/8/99,na,ccollpa,na,na,na
7/8/99,na,ccollpa,na,na,na
7/8/99,na,ccollpa,na,na,na
7/8/99,na,ccollpa,na,na,na
7/8/99,na,ccollpa,na,na,na
7/8/99,na,ccollpa,na,na,na
7/8/99,na,tree,na,na,na
7/9/99,6:19,ccollpa,na,na,na
7/9/99,6:23,ccollpa,na,na,na
7/9/99,6:32,ccollpa,na,na,na
7/9/99,6:36,ccollpa,na,na,na
7/9/99,6:41,ccollpa,na,na,na
7/9/99,6:43,ccollpa,na,na,na
7/9/99,6:49,ccollpa,na,na,na
7/9/99,6:55,ccollpa,na,na,na
7/9/99,6:55,ccollpa,na,na,na
7/9/99,7:03,ccollpa,na,na,na
7/9/99,7:04,tree,na,na,na
7/10/99,6:29,ccollpa,na,na,na
7/10/99,6:32,ccollpa,na,na,na
7/10/99,6:39,ccollpa,na,na,na
7/10/99,6:40,tree,na,na,na
7/10/99,6:43,ccollpa,na,na,na
7/10/99,6:47,ccollpa,na,na,na
7/10/99,6:54,ccollpa,na,na,na
7/10/99,6:58,tree,na,na,na
7/10/99,7:06,ccollpa,na,na,na
7/10/99,7:09,ccollpa,na,na,na
7/10/99,7:15,ccollpa,na,na,na
7/10/99,7:15,tree,na,na,na
7/10/99,9:00,tree,trail,human,na
7/10/99,9:42,tree,trail,human,na
7/10/99,10:13,tree,trail,human,na
7/10/99,10:15,tree,trail,human,na
7/10/99,10:29,tree,na,na,na
7/10/99,12:27,ccollpa,boat,human,na
7/10/99,12:28,ccollpa,boat,human,na
7/10/99,12:38,ccollpa,na,na,na
7/10/99,13:24,tree,na,na,na
7/10/99,13:33,ccollpa,boat,human,na
7/11/99,6:25,ccollpa,na,na,na
7/11/99,6:25,tree,na,na,na
7/11/99,6:31,ccollpa,na,na,na
7/11/99,6:31,tree,na,na,na
7/11/99,6:38,ccollpa,na,na,na
7/11/99,6:40,tree,na,na,na
7/11/99,6:46,ccollpa,na,na,na
7/11/99,6:46,tree,na,na,na
7/11/99,7:02,tree,na,na,na
7/11/99,7:49,ccollpa,trail,human,na
7/11/99,11:49,tree,boat,human,na
7/11/99,12:21,ccollpa,boat,human,na
7/11/99,12:21,tree,na,na,na
7/11/99,12:27,tree,na,na,na
7/12/99,6:19,tree,na,na,na
7/12/99,6:28,ccollpa,na,na,na
7/12/99,6:32,ccollpa,na,na,na
7/12/99,6:33,ccollpa,na,na,na
7/12/99,6:35,ccollpa,na,na,na
7/12/99,6:37,tree,na,na,na
7/12/99,6:41,tree,na,na,na
7/12/99,6:41,ccollpa,na,na,na
7/12/99,6:51,ccollpa,na,na,na
7/12/99,6:51,tree,na,na,na
7/12/99,8:26,tree,boat,human,na
7/12/99,8:26,ccollpa,boat,human,na
7/12/99,10:13,ccollpa,trail,human,na
7/12/99,10:13,tree,trail,human,na
7/12/99,10:39,ccollpa,trail,human,na
7/12/99,10:40,tree,trail,human,na
7/12/99,10:54,tree,trail,human,na
7/12/99,12:40,tree,na,na,na
7/12/99,12:40,ccollpa,na,na,na
7/13/99,6:23,ccollpa,na,na,na
7/13/99,6:29,ccollpa,na,na,na
7/13/99,6:39,ccollpa,na,na,na
7/13/99,6:44,ccollpa,na,na,na
7/13/99,6:48,ccollpa,na,na,na
7/13/99,6:52,ccollpa,na,na,na
7/13/99,6:56,ccollpa,na,na,na
7/13/99,6:56,tree,na,na,na
7/13/99,6:58,ccollpa,na,na,na
7/13/99,7:00,ccollpa,na,na,na
7/13/99,7:00,tree,na,na,na
7/13/99,7:01,ccollpa,na,na,na
7/13/99,7:02,ccollpa,na,na,na
7/13/99,7:05,ccollpa,na,na,na
7/13/99,7:05,tree,na,na,na
7/14/99,6:21,ccollpa,na,na,na
7/14/99,6:26,ccollpa,na,na,na
7/14/99,6:28,ccollpa,na,na,na
7/14/99,6:29,ccollpa,na,na,na
7/14/99,6:36,ccollpa,na,na,na
7/14/99,6:36,tree,na,na,na
7/14/99,6:40,ccollpa,na,na,na
7/14/99,6:43,ccollpa,na,na,na
7/14/99,6:48,ccollpa,na,na,na
7/14/99,6:52,ccollpa,na,na,na
7/14/99,7:00,ccollpa,na,na,na
7/14/99,7:04,ccollpa,na,na,na
7/14/99,7:13,ccollpa,na,na,na
7/14/99,9:18,tree,boat,human,na
7/14/99,9:29,tree,boat,human,na
7/14/99,10:59,tree,boat,human,na
7/14/99,11:03,tree,trail,human,na
7/14/99,13:13,tree,raptor,natural,na
7/14/99,13:36,tree,na,na,na
7/14/99,13:53,ccollpa,na,na,na
7/14/99,13:54,ccollpa,rockfall,natural,CWPA
7/14/99,13:59,ccollpa,na,na,na
7/14/99,14:03,ccollpa,na,na,na
7/14/99,15:01,ccollpa,na,na,Ara
7/14/99,15:36,ccollpa,rockfall,natural,na
7/14/99,15:46,ccollpa,na,na,na
7/20/99,6:39,tree,na,na,na
7/20/99,6:41,tree,na,na,na
7/20/99,6:51,tree,na,na,na
7/20/99,7:21,tree,na,na,na
7/20/99,7:38,tree,boat,human,na
7/20/99,11:04,tree,trail,human,na
7/20/99,11:37,ccollpa,na,na,na
7/20/99,11:56,ccollpa,na,na,na
7/20/99,11:58,tree,na,na,na
7/20/99,12:07,tree,boat,human,na
7/20/99,13:58,tree,raptor,natural,na
7/20/99,14:01,tree,raptor,natural,na
7/21/99,6:18,ccollpa,na,na,na
7/21/99,6:25,ccollpa,na,na,na
7/21/99,6:26,ccollpa,na,na,na
7/21/99,6:27,ccollpa,na,na,na
7/21/99,6:29,ccollpa,na,na,na
7/21/99,6:38,tree,na,na,na
7/21/99,6:50,tree,na,na,na
7/21/99,6:50,ccollpa,na,na,na
7/21/99,6:58,ccollpa,na,na,na
7/21/99,7:43,ccollpa,boat,human,na
7/21/99,9:05,tree,raptor,natural,na
7/21/99,12:04,tree,raptor,natural,na
7/21/99,13:13,ccollpa,rockfall,natural,na
7/22/99,6:22,tree,na,na,na
7/22/99,6:25,ccollpa,na,na,na
7/22/99,6:30,ccollpa,na,na,na
7/22/99,6:32,ccollpa,na,na,na
7/22/99,6:33,ccollpa,na,na,na
7/22/99,6:41,ccollpa,na,na,na
7/22/99,6:44,ccollpa,na,na,na
7/22/99,6:47,ccollpa,na,na,na
7/22/99,7:09,tree,na,na,na
7/22/99,6:56,ccollpa,na,na,na
7/22/99,7:02,ccollpa,na,na,na
7/22/99,7:04,ccollpa,na,na,na
7/22/99,10:05,tree,raptor,natural,na
7/22/99,10:10,tree,na,na,na
7/22/99,10:53,tree,na,na,na
7/22/99,14:39,ccollpa,na,na,na
7/22/99,14:41,ccollpa,na,na,na
7/22/99,14:49,ccollpa,na,na,na
7/22/99,14:51,tree,na,na,na
7/22/99,14:58,ccollpa,na,na,RGMA
7/23/99,6:23,ccollpa,na,na,na
7/23/99,6:27,tree,na,na,na
7/23/99,6:27,ccollpa,na,na,na
7/23/99,6:35,ccollpa,na,na,na
7/23/99,6:37,tree,na,na,na
7/23/99,6:50,tree,na,na,na
7/23/99,6:55,tree,raptor,natural,na
7/23/99,6:55,ccollpa,raptor,natural,na
7/23/99,7:02,ccollpa,na,na,na
7/23/99,10:13,tree,raptor,natural,na
7/23/99,11:25,tree,trail,human,na
7/23/99,11:29,tree,trail,human,na
7/23/99,12:31,ccollpa,na,na,na
7/23/99,12:42,ccollpa,na,na,na
7/23/99,12:50,tree,na,na,na
7/23/99,12:51,ccollpa,na,na,na
7/24/99,6:15,ccollpa,na,na,na
7/24/99,6:16,ccollpa,boat,human,na
7/24/99,6:17,ccollpa,na,na,na
7/24/99,6:18,ccollpa,na,na,na
7/24/99,6:20,ccollpa,boat,human,na
7/24/99,6:24,ccollpa,na,na,na
7/24/99,6:30,ccollpa,trail,human,na
7/24/99,6:36,ccollpa,below,human,na
7/24/99,6:45,ccollpa,below,human,na
7/24/99,6:51,ccollpa,na,na,na
7/24/99,6:55,ccollpa,na,na,na
7/24/99,7:05,ccollpa,na,na,na
7/24/99,7:10,ccollpa,na,na,na
7/24/99,9:34,tree,raptor,natural,na
7/24/99,12:38,tree,raptor,natural,na
7/24/99,13:43,tree,boat,human,na
7/24/99,13:50,tree,boat,human,na
7/24/99,14:06,tree,boat,human,na
7/24/99,15:14,tree,boat,human,CFMA
7/24/99,15:14,ccollpa,boat,human,CFMA
7/24/99,15:18,ccollpa,boat,human,na
7/24/99,15:19,tree,boat,human,na
7/26/99,6:10,ccollpa,na,na,na
7/26/99,6:27,ccollpa,na,na,na
7/26/99,6:30,ccollpa,na,na,na
7/26/99,6:32,ccollpa,na,na,na
7/26/99,6:59,ccollpa,na,na,na
7/26/99,7:06,ccollpa,na,na,na
7/26/99,7:15,ccollpa,na,na,na
7/26/99,7:20,ccollpa,na,na,na
7/26/99,7:30,ccollpa,boat,human,na
7/31/99,6:28,ccollpa,na,na,na
7/31/99,6:34,ccollpa,na,na,na
7/31/99,6:38,ccollpa,na,na,na
7/31/99,6:51,ccollpa,na,na,na
7/31/99,6:54,ccollpa,na,na,WEPA
7/31/99,6:55,ccollpa,na,na,na
7/31/99,6:57,ccollpa,na,na,na
7/31/99,7:01,ccollpa,rockfall,natural,na
7/31/99,7:20,ccollpa,na,na,MEPA
7/31/99,8:39,ccollpa,na,na,na
7/31/99,8:39,tree,na,na,na
7/31/99,10:16,tree,rockfall,natural,na
7/31/99,10:24,ccollpa,na,na,na
7/31/99,10:44,tree,na,na,na
7/31/99,10:55,ccollpa,na,na,na
7/31/99,10:57,tree,na,na,na
7/31/99,11:10,ccollpa,na,na,na
7/31/99,11:15,ccollpa,na,na,na
7/31/99,11:43,ccollpa,na,na,na
7/31/99,11:58,ccollpa,na,na,na
7/31/99,12:17,ccollpa,trail,human,na
7/31/99,14:28,ccollpa,na,na,na
7/31/99,14:52,ccollpa,na,na,na
7/31/99,15:24,tree,rockfall,natural,na
8/1/99,6:13,ccollpa,raptor,natural,na
8/1/99,6:15,ccollpa,na,na,na
8/1/99,6:23,ccollpa,na,na,na
8/1/99,6:23,tree,na,na,na
8/1/99,6:31,tree,na,na,na
8/1/99,6:36,ccollpa,na,na,na
8/1/99,6:38,ccollpa,na,na,na
8/1/99,6:43,ccollpa,na,na,na
8/1/99,6:45,ccollpa,na,na,na
8/1/99,6:51,ccollpa,rockfall,natural,na
8/1/99,6:58,ccollpa,na,na,BYMA
8/1/99,6:58,tree,na,na,BYMA
8/1/99,11:15,tree,raptor,natural,na
8/1/99,14:34,ccollpa,boat,human,na
8/2/99,6:14,ccollpa,na,na,na
8/2/99,6:19,ccollpa,na,na,na
8/2/99,6:22,ccollpa,na,na,na
8/2/99,6:25,ccollpa,na,na,na
8/2/99,6:25,tree,na,na,na
8/2/99,6:28,tree,na,na,na
8/2/99,6:28,ccollpa,na,na,na
8/2/99,6:36,tree,guan,natural,na
8/2/99,6:36,ccollpa,na,na,na
8/2/99,6:47,ccollpa,na,na,na
8/2/99,6:50,tree,na,na,na
8/2/99,6:50,ccollpa,na,na,na
8/2/99,7:07,tree,na,na,na
8/2/99,13:59,tree,na,na,na
8/2/99,13:59,ccollpa,na,na,na
8/2/99,14:06,ccollpa,na,na,na
8/2/99,14:30,ccollpa,na,na,na
8/2/99,14:46,ccollpa,na,na,na
8/2/99,14:57,ccollpa,na,na,na
8/2/99,15:04,ccollpa,na,na,na
8/2/99,15:05,ccollpa,na,na,na
8/3/99,6:26,ccollpa,na,na,na
8/3/99,6:27,ccollpa,na,na,na
8/3/99,6:28,ccollpa,na,na,na
8/3/99,6:32,ccollpa,na,na,na
8/3/99,6:35,ccollpa,na,na,na
8/3/99,6:36,ccollpa,na,na,na
8/3/99,6:38,ccollpa,na,na,na
8/3/99,6:43,ccollpa,na,na,na
8/3/99,6:46,ccollpa,na,na,na
8/3/99,6:49,ccollpa,na,na,na
8/3/99,6:55,ccollpa,na,na,na
8/3/99,6:56,ccollpa,na,na,na
8/3/99,6:59,ccollpa,na,na,na
8/3/99,7:01,ccollpa,na,na,na
8/3/99,7:06,ccollpa,na,na,na
8/3/99,7:09,ccollpa,na,na,na
8/3/99,12:05,ccollpa,na,na,na
8/3/99,14:28,tree,boat,human,na
8/3/99,14:29,tree,boat,human,na
8/3/99,14:29,ccollpa,boat,human,na
8/3/99,14:38,ccollpa,boat,human,na
8/3/99,14:41,tree,boat,human,na
8/4/99,6:07,ccollpa,na,na,na
8/4/99,6:11,ccollpa,na,na,na
8/4/99,6:16,ccollpa,na,na,na
8/4/99,6:17,tree,na,na,na
8/4/99,6:21,ccollpa,na,na,na
8/4/99,6:23,ccollpa,na,na,na
8/4/99,6:40,ccollpa,na,na,na
8/4/99,6:40,ccollpa,na,na,na
8/4/99,6:49,ccollpa,na,na,na
8/4/99,6:53,ccollpa,na,na,na
8/4/99,6:54,ccollpa,na,na,na
8/4/99,6:57,ccollpa,na,na,na
8/4/99,7:01,ccollpa,na,na,na
8/4/99,7:06,ccollpa,na,na,na
8/4/99,7:12,ccollpa,na,na,na
8/4/99,7:14,ccollpa,na,na,na
8/4/99,7:17,ccollpa,na,na,na
8/5/99,6:15,ccollpa,na,na,na
8/5/99,6:19,ccollpa,na,na,na
8/5/99,6:23,ccollpa,na,na,na
8/5/99,6:25,ccollpa,na,na,na
8/5/99,6:27,ccollpa,na,na,na
8/5/99,6:27,tree,na,na,na
8/5/99,6:31,ccollpa,na,na,na
8/5/99,6:33,ccollpa,na,na,na
8/5/99,6:33,ccollpa,na,na,na
8/5/99,6:35,ccollpa,na,na,na
8/5/99,6:39,ccollpa,na,na,na
8/5/99,6:41,ccollpa,na,na,na
8/5/99,6:45,ccollpa,na,na,na
8/5/99,6:50,ccollpa,na,na,na
8/5/99,6:55,ccollpa,na,na,na
8/5/99,6:57,ccollpa,na,na,na
8/5/99,7:05,ccollpa,na,na,na
8/5/99,7:05,tree,na,na,na
8/6/99,6:11,ccollpa,na,na,na
8/6/99,6:12,ccollpa,boat,human,na
8/6/99,6:14,ccollpa,na,na,na
8/6/99,6:18,ccollpa,na,na,na
8/6/99,6:18,tree,boat,human,na
8/6/99,6:29,ccollpa,na,na,na
8/6/99,6:36,ccollpa,trail,human,na
8/6/99,6:50,ccollpa,na,na,na
8/6/99,7:07,ccollpa,na,na,na
8/6/99,7:09,ccollpa,na,na,na
8/6/99,7:12,ccollpa,na,na,na
8/6/99,7:21,ccollpa,na,na,na
8/6/99,13:57,tree,raptor,natural,na
8/6/99,14:11,tree,trail,human,na
8/6/99,14:11,tree,trail,human,na
8/6/99,15:54,ccollpa,na,na,na
8/6/99,16:01,ccollpa,boat,human,na
8/6/99,16:12,ccollpa,boat,human,na
8/7/99,6:16,ccollpa,na,na,na
8/7/99,6:20,ccollpa,na,na,na
8/7/99,6:25,ccollpa,na,na,na
8/7/99,6:26,tree,na,na,na
8/7/99,6:26,ccollpa,na,na,na
8/7/99,6:27,tree,na,na,na
8/7/99,6:30,ccollpa,na,na,na
8/7/99,6:33,ccollpa,na,na,na
8/7/99,6:34,ccollpa,na,na,na
8/7/99,6:35,ccollpa,na,na,na
8/7/99,6:37,ccollpa,na,na,na
8/7/99,6:38,ccollpa,na,na,na
8/7/99,6:40,ccollpa,na,na,na
8/7/99,6:41,ccollpa,na,na,na
8/7/99,6:42,ccollpa,na,na,na
8/7/99,6:44,ccollpa,na,na,na
8/7/99,6:46,ccollpa,na,na,na
8/7/99,6:51,ccollpa,na,na,na
8/7/99,6:56,ccollpa,na,na,na
8/7/99,7:00,ccollpa,na,na,na
8/7/99,7:06,ccollpa,na,na,na
8/7/99,7:20,ccollpa,na,na,na
8/7/99,7:23,ccollpa,na,na,na
8/7/99,7:27,ccollpa,na,na,na
8/7/99,7:30,ccollpa,na,na,na
8/7/99,13:05,tree,raptor,natural,na
8/7/99,14:55,tree,trail,human,na
8/7/99,15:52,tree,boat,human,na
8/7/99,15:52,ccollpa,boat,human,na
8/8/99,6:24,ccollpa,na,na,na
8/8/99,6:26,ccollpa,na,na,na
8/8/99,6:27,tree,na,na,na
8/8/99,6:28,ccollpa,na,na,na
8/8/99,6:29,ccollpa,na,na,na
8/8/99,6:33,tree,na,na,na
8/8/99,6:33,ccollpa,na,na,na
8/8/99,6:50,tree,na,na,na
8/8/99,6:50,ccollpa,na,na,na
8/8/99,6:51,ccollpa,na,na,na
8/8/99,7:01,ccollpa,na,na,na
8/8/99,7:04,ccollpa,na,na,na
8/8/99,7:04,tree,na,na,na
8/8/99,12:10,ccollpa,na,na,na
8/8/99,12:39,tree,boat,human,na
8/8/99,14:22,ccollpa,na,na,na
8/8/99,14:25,ccollpa,na,na,na
8/8/99,14:41,ccollpa,na,na,na
8/8/99,14:44,tree,na,na,na
8/8/99,14:46,tree,na,na,na
8/8/99,14:52,tree,na,na,na
8/9/99,6:22,ccollpa,na,na,BYMA
8/9/99,6:23,ccollpa,heron,natural,na
8/9/99,6:34,ccollpa,na,na,na
8/9/99,6:37,ccollpa,na,na,na
8/9/99,6:38,ccollpa,na,na,na
8/9/99,6:39,ccollpa,na,na,na
8/9/99,6:45,ccollpa,na,na,na
8/9/99,7:02,ccollpa,rockfall,natural,na
8/9/99,7:08,ccollpa,na,na,na
8/9/99,7:11,ccollpa,na,na,na
8/9/99,7:14,ccollpa,na,na,na
8/9/99,13:57,ccollpa,raptor,natural,na
8/9/99,14:12,ccollpa,trail,human,Ara
8/9/99,14:13,tree,trail,human,Ara
8/10/99,5:57,ccollpa,na,na,na
8/10/99,6:10,ccollpa,na,na,na
8/10/99,6:15,ccollpa,na,na,na
8/10/99,6:24,ccollpa,na,na,na
8/10/99,6:27,ccollpa,na,na,na
8/10/99,6:27,tree,na,na,na
8/10/99,6:30,ccollpa,na,na,na
8/10/99,6:40,ccollpa,na,na,na
8/10/99,6:46,ccollpa,na,na,na
8/10/99,6:52,ccollpa,na,na,na
8/10/99,7:01,ccollpa,na,na,na
8/10/99,7:09,ccollpa,na,na,na
8/10/99,7:28,tree,boat,human,na
8/12/99,6:11,ccollpa,na,na,na
8/12/99,6:18,ccollpa,na,na,na
8/12/99,6:24,ccollpa,na,na,na
8/12/99,6:28,tree,na,na,na
8/12/99,6:28,ccollpa,na,na,na
8/12/99,6:55,ccollpa,na,na,na
8/12/99,7:04,ccollpa,na,na,na
8/12/99,7:06,tree,na,na,na
8/12/99,7:06,ccollpa,na,na,na
8/12/99,7:09,ccollpa,na,na,na
8/12/99,7:10,ccollpa,na,na,na
8/12/99,7:12,ccollpa,na,na,na
8/12/99,7:16,ccollpa,na,na,na
8/12/99,7:18,ccollpa,na,na,na
8/12/99,7:23,ccollpa,na,na,na
8/12/99,7:28,ccollpa,na,na,na
8/12/99,7:30,ccollpa,na,na,na
8/12/99,7:32,ccollpa,na,na,na
8/12/99,7:35,ccollpa,na,na,na
8/12/99,7:38,ccollpa,na,na,na
8/12/99,7:44,ccollpa,na,na,na
8/12/99,7:45,ccollpa,na,na,na
8/12/99,7:50,ccollpa,na,na,na
8/12/99,7:58,tree,boat,human,na
8/12/99,14:53,tree,na,na,na
8/12/99,15:13,tree,na,na,na
8/12/99,15:13,ccollpa,na,na,na
8/12/99,15:14,tree,na,na,na
8/12/99,15:22,ccollpa,boat,human,na
8/12/99,15:22,tree,boat,human,na
8/12/99,15:23,tree,boat,human,na
8/13/99,6:10,ccollpa,na,na,na
8/13/99,6:17,ccollpa,na,na,na
8/13/99,6:19,ccollpa,na,na,na
8/13/99,6:21,tree,na,na,na
8/13/99,6:27,ccollpa,na,na,na
8/13/99,6:28,ccollpa,na,na,na
8/13/99,6:29,ccollpa,na,na,na
8/13/99,6:32,ccollpa,na,na,na
8/13/99,6:41,tree,na,na,na
8/13/99,6:47,tree,na,na,na
8/13/99,6:47,ccollpa,na,na,na
8/13/99,6:49,ccollpa,na,na,na
8/13/99,6:55,ccollpa,na,na,na
8/13/99,6:56,ccollpa,na,na,na
8/13/99,6:59,ccollpa,na,na,na
8/13/99,7:03,ccollpa,na,na,na
8/13/99,7:06,ccollpa,na,na,na
8/13/99,7:10,ccollpa,na,na,na
8/13/99,7:28,ccollpa,rockfall,natural,na
8/13/99,7:30,ccollpa,boat,human,na
8/13/99,13:54,ccollpa,boat,human,na
8/13/99,14:50,ccollpa,na,na,na
8/13/99,14:52,ccollpa,rockfall,natural,na
8/13/99,15:05,tree,trail,human,na
8/13/99,15:05,ccollpa,trail,human,na
8/13/99,15:17,ccollpa,rockfall,natural,na
8/14/99,6:07,ccollpa,na,na,na
8/14/99,6:20,ccollpa,na,na,na
8/14/99,6:21,tree,na,na,na
8/14/99,6:23,ccollpa,na,na,na
8/14/99,6:24,ccollpa,rockfall,natural,na
8/14/99,6:26,ccollpa,rockfall,natural,na
8/14/99,6:42,tree,na,na,na
8/14/99,11:14,tree,raptor,natural,na
8/14/99,11:34,tree,raptor,natural,na
8/14/99,12:10,tree,boat,human,na
8/14/99,15:22,tree,boat,human,na
8/15/99,6:27,ccollpa,na,na,na
8/15/99,6:29,ccollpa,na,na,na
8/15/99,6:31,ccollpa,na,na,na
8/15/99,6:50,ccollpa,na,na,na
8/15/99,6:52,ccollpa,na,na,na
8/15/99,6:55,ccollpa,na,na,na
8/15/99,7:03,ccollpa,na,na,na
8/15/99,7:07,ccollpa,na,na,na
8/15/99,7:14,tree,na,na,na
8/15/99,7:21,ccollpa,na,na,na
8/15/99,7:39,ccollpa,na,na,na
8/15/99,7:42,ccollpa,na,na,na
8/15/99,7:42,tree,na,na,na
8/16/99,6:22,ccollpa,na,na,na
8/16/99,6:30,ccollpa,na,na,na
8/16/99,6:31,ccollpa,na,na,na
8/16/99,6:33,ccollpa,na,na,na
8/16/99,6:35,ccollpa,na,na,na
8/16/99,6:39,tree,na,na,na
8/16/99,6:44,ccollpa,na,na,na
8/16/99,6:46,ccollpa,na,na,na
8/16/99,6:58,ccollpa,na,na,na
8/16/99,7:13,ccollpa,na,na,MEPA
8/16/99,7:16,ccollpa,na,na,na
8/16/99,13:15,tree,trail,human,na
8/16/99,14:05,tree,boat,human,na
8/17/99,6:13,ccollpa,na,na,na
8/17/99,6:16,ccollpa,na,na,na
8/17/99,6:24,ccollpa,na,na,na
8/17/99,6:27,ccollpa,na,na,na
8/17/99,6:31,ccollpa,na,na,na
8/17/99,6:35,ccollpa,na,na,na
8/17/99,6:40,ccollpa,na,na,na
8/17/99,6:45,ccollpa,na,na,MEPA
8/17/99,6:52,ccollpa,na,na,na
8/17/99,6:59,ccollpa,guan,natural,na
8/17/99,7:17,ccollpa,na,na,na
8/17/99,9:18,tree,boat,human,na
8/17/99,9:44,tree,trail,human,na
8/17/99,11:15,tree,na,na,na
8/17/99,12:05,tree,trail,human,na
8/17/99,12:44,tree,na,na,na
8/17/99,13:23,tree,boat,human,na
8/17/99,13:38,tree,na,na,na
8/17/99,13:39,tree,na,na,na
8/17/99,13:55,tree,boat,human,na
8/17/99,14:21,tree,boat,human,na
8/18/99,6:14,ccollpa,na,na,na
8/18/99,6:19,ccollpa,na,na,na
8/18/99,6:22,ccollpa,na,na,na
8/18/99,6:28,ccollpa,na,na,na
8/18/99,6:29,ccollpa,na,na,na
8/18/99,6:38,ccollpa,na,na,na
8/18/99,6:39,ccollpa,na,na,na
8/18/99,6:45,ccollpa,na,na,na
8/18/99,6:59,ccollpa,na,na,na
8/18/99,7:10,ccollpa,na,na,na
8/18/99,7:10,tree,na,na,na
8/18/99,11:30,tree,raptor,natural,na
8/18/99,13:41,tree,boat,human,na
8/18/99,14:06,tree,boat,human,na
8/18/99,14:34,tree,boat,human,na
8/18/99,14:34,ccollpa,boat,human,na
8/19/99,5:49,tree,raptor,natural,na
8/19/99,6:02,tree,na,na,na
8/19/99,6:20,ccollpa,na,na,na
8/19/99,6:23,ccollpa,na,na,na
8/19/99,6:25,ccollpa,na,na,BYMA
8/19/99,6:37,ccollpa,na,na,MEPA
8/19/99,6:38,ccollpa,na,na,na
8/19/99,6:43,ccollpa,na,na,MEPA
8/19/99,6:49,ccollpa,na,na,MEPA
8/19/99,6:57,tree,na,na,na
8/19/99,7:03,ccollpa,na,na,na
8/19/99,10:28,tree,na,na,na
8/19/99,10:28,ccollpa,na,na,na
8/19/99,10:59,tree,raptor,natural,na
8/19/99,10:59,ccollpa,raptor,natural,na
8/19/99,12:38,ccollpa,boat,human,na
8/19/99,13:18,tree,na,na,na
8/19/99,13:52,tree,na,na,na
8/19/99,13:56,ccollpa,rockfall,natural,na
8/19/99,14:29,ccollpa,na,na,RGMA
8/20/99,5:58,tree,na,na,na
8/20/99,6:07,ccollpa,na,na,na
8/20/99,6:10,ccollpa,na,na,na
8/20/99,6:12,tree,na,na,BYMA
8/20/99,6:15,ccollpa,na,na,na
8/20/99,6:26,ccollpa,na,na,na
8/20/99,6:35,tree,na,na,SCMA
8/20/99,6:36,ccollpa,na,na,MEPA
8/20/99,6:40,ccollpa,na,na,MEPA
8/20/99,6:44,ccollpa,na,na,MEPA
8/20/99,6:53,ccollpa,na,na,SCMA
8/20/99,6:53,tree,na,na,SCMA
8/20/99,11:25,ccollpa,na,na,SCMA
8/20/99,13:44,ccollpa,boat,human,na
8/21/99,6:03,tree,rockfall,natural,na
8/21/99,6:09,ccollpa,na,na,na
8/21/99,6:12,ccollpa,na,na,na
8/21/99,6:15,ccollpa,na,na,na
8/21/99,6:35,ccollpa,na,na,na
8/21/99,6:40,ccollpa,na,na,na
8/21/99,6:43,ccollpa,na,na,na
8/21/99,6:46,ccollpa,na,na,na
8/21/99,6:46,tree,na,na,na
8/21/99,6:51,ccollpa,na,na,na
8/21/99,6:54,ccollpa,na,na,na
8/21/99,6:55,ccollpa,na,na,BYMA
8/21/99,6:57,ccollpa,na,na,SCMA
8/21/99,7:00,ccollpa,na,na,MEPA
8/21/99,7:05,tree,na,na,na
8/21/99,7:05,ccollpa,na,na,SCMA
8/22/99,6:17,tree,na,na,na
8/22/99,6:17,ccollpa,na,na,na
8/22/99,6:18,ccollpa,na,na,na
8/22/99,6:21,ccollpa,na,na,na
8/22/99,6:23,ccollpa,na,na,MEPA
8/22/99,6:23,ccollpa,na,na,MEPA
8/22/99,6:24,ccollpa,na,na,DHPA
8/22/99,6:28,ccollpa,na,na,MEPA
8/22/99,6:37,tree,na,na,SCMA
8/22/99,6:42,ccollpa,na,na,na
8/22/99,6:43,ccollpa,na,na,na
8/22/99,6:47,ccollpa,na,na,MEPA
8/22/99,6:49,ccollpa,na,na,MEPA
8/22/99,6:51,ccollpa,na,na,na
8/22/99,6:59,ccollpa,na,na,BYMA
8/22/99,7:04,ccollpa,na,na,SCMA
8/22/99,7:12,ccollpa,na,na,MEPA
8/22/99,7:30,ccollpa,boat,human,na
8/22/99,7:30,tree,boat,human,na
8/22/99,10:27,tree,na,na,SCMA
8/22/99,11:37,tree,boat,human,na
8/22/99,12:39,ccollpa,na,na,na
8/22/99,12:47,ccollpa,na,na,na
8/22/99,13:27,tree,na,na,RGMA
8/22/99,13:28,ccollpa,na,na,na
8/22/99,13:36,tree,na,na,na
8/22/99,13:36,ccollpa,na,na,na
8/23/99,5:59,ccollpa,na,na,na
8/23/99,6:03,ccollpa,na,na,CFMA
8/23/99,6:09,ccollpa,na,na,na
8/23/99,6:12,ccollpa,na,na,na
8/23/99,6:13,tree,na,na,na
8/23/99,6:14,ccollpa,na,na,na
8/23/99,6:19,ccollpa,na,na,BHPA
8/23/99,6:22,ccollpa,na,na,na
8/23/99,6:24,ccollpa,na,na,na
8/23/99,6:27,ccollpa,na,na,MEPA
8/23/99,6:28,ccollpa,na,na,na
8/23/99,6:29,ccollpa,na,na,MEPA
8/23/99,6:33,ccollpa,na,na,na
8/23/99,6:37,ccollpa,na,na,na
8/23/99,6:46,ccollpa,na,na,MEPA
8/23/99,6:51,ccollpa,na,na,na
8/23/99,6:53,ccollpa,na,na,BYMA
8/23/99,7:04,ccollpa,na,na,na
8/23/99,7:11,tree,na,na,na
8/23/99,12:22,tree,raptor,natural,na
8/23/99,15:00,tree,na,na,na
8/23/99,15:42,tree,na,na,na
8/24/99,6:07,ccollpa,rockfall,natural,na
8/24/99,6:23,ccollpa,na,na,na
8/24/99,6:28,ccollpa,na,na,na
8/24/99,6:29,ccollpa,na,na,na
8/24/99,6:30,ccollpa,rockfall,natural,na
8/24/99,6:32,ccollpa,na,na,na
8/24/99,6:35,ccollpa,na,na,na
8/24/99,6:37,ccollpa,na,na,na
8/24/99,6:43,ccollpa,na,na,na
8/24/99,6:46,ccollpa,na,na,na
8/24/99,6:49,ccollpa,na,na,SCMA
8/24/99,6:52,ccollpa,na,na,MEPA
8/24/99,6:53,ccollpa,na,na,na
8/24/99,9:57,ccollpa,trail,human,na
8/24/99,10:15,ccollpa,trail,human,na
8/24/99,11:11,tree,trail,human,na
8/24/99,13:29,ccollpa,na,na,na
8/24/99,13:30,ccollpa,na,na,na
8/24/99,13:30,ccollpa,na,na,na
8/24/99,13:40,ccollpa,na,na,na
8/24/99,13:48,ccollpa,na,na,na
8/24/99,14:17,ccollpa,na,na,na
8/24/99,14:17,tree,na,na,na
8/24/99,14:26,tree,na,na,na
8/24/99,14:28,ccollpa,boat,human,na
8/24/99,14:29,tree,boat,human,na
8/24/99,14:29,ccollpa,boat,human,na
8/25/99,6:15,ccollpa,na,na,na
8/25/99,6:16,ccollpa,na,na,na
8/25/99,6:23,ccollpa,na,na,na
8/25/99,6:37,ccollpa,na,na,na
8/25/99,6:39,ccollpa,na,na,na
8/25/99,6:39,tree,na,na,na
8/25/99,6:41,ccollpa,na,na,WEPA
8/25/99,6:46,ccollpa,na,na,SCMA
8/25/99,6:48,ccollpa,na,na,na
8/25/99,6:48,tree,na,na,na
8/25/99,14:28,tree,boat,human,na
8/25/99,14:29,tree,raptor,natural,na
8/26/99,6:13,ccollpa,na,na,MEPA
8/26/99,6:18,ccollpa,na,na,CFMA
8/26/99,6:22,ccollpa,na,na,na
8/26/99,6:26,ccollpa,na,na,na
8/26/99,6:28,ccollpa,na,na,MEPA
8/26/99,6:28,tree,na,na,MEPA
8/26/99,6:31,tree,na,na,SCMA
8/26/99,6:34,tree,na,na,BYMA
8/26/99,7:20,tree,boat,human,BYMA
8/26/99,7:20,ccollpa,boat,human,BYMA
8/26/99,10:17,tree,raptor,natural,na
8/26/99,11:46,tree,trail,human,na
8/26/99,12:11,tree,trail,human,na
8/26/99,12:40,tree,boat,human,na
8/26/99,12:40,ccollpa,boat,human,na
8/26/99,12:56,tree,na,na,na
8/26/99,13:32,tree,boat,human,na
8/26/99,13:53,tree,boat,human,na
8/27/99,6:09,tree,na,na,MEPA
8/27/99,6:09,ccollpa,na,na,MEPA
8/27/99,6:18,tree,na,na,MEPA
8/27/99,6:18,ccollpa,na,na,MEPA
8/27/99,6:19,ccollpa,na,na,na
8/27/99,6:20,tree,na,na,MEPA
8/27/99,6:26,tree,na,na,na
8/27/99,6:28,tree,na,na,na
8/27/99,6:33,tree,na,na,SCMA
8/27/99,6:35,ccollpa,na,na,na
8/27/99,6:44,ccollpa,na,na,SCMA
8/27/99,6:53,tree,na,na,na
8/27/99,6:53,ccollpa,na,na,na
8/27/99,6:54,ccollpa,na,na,na
8/27/99,6:58,ccollpa,na,na,SCMA
8/27/99,6:59,ccollpa,na,na,SCMA
8/27/99,6:59,tree,na,na,na
8/27/99,12:29,ccollpa,na,na,na
8/27/99,12:29,tree,na,na,na
8/27/99,12:44,tree,na,na,na
8/27/99,13:15,ccollpa,na,na,na
8/27/99,13:55,ccollpa,na,na,na
8/28/99,na,na,na,na,na
8/29/99,6:01,ccollpa,na,na,na
8/29/99,6:03,ccollpa,na,na,na
8/29/99,6:08,ccollpa,na,na,na
8/29/99,6:10,ccollpa,na,na,na
8/29/99,6:11,ccollpa,na,na,na
8/29/99,6:15,ccollpa,na,na,na
8/29/99,6:21,ccollpa,na,na,na
8/29/99,6:39,ccollpa,na,na,na
8/29/99,7:01,ccollpa,na,na,na
8/29/99,7:15,tree,trail,human,na
8/29/99,14:20,tree,boat,human,na
8/29/99,14:34,tree,boat,human,na
8/29/99,15:03,tree,na,na,na
8/29/99,15:26,tree,na,na,na
8/30/99,6:04,tree,na,na,na
8/30/99,6:04,ccollpa,na,na,na
8/30/99,6:05,ccollpa,na,na,na
8/30/99,6:07,ccollpa,na,na,na
8/30/99,6:11,ccollpa,na,na,na
8/30/99,6:31,ccollpa,na,na,na
8/30/99,6:33,ccollpa,na,na,MEPA
8/30/99,6:36,ccollpa,rockfall,natural,na
8/30/99,6:38,ccollpa,na,na,MEPA
8/30/99,6:45,ccollpa,na,na,MEPA
8/30/99,6:47,ccollpa,na,na,na
8/30/99,6:52,ccollpa,na,na,MEPA
8/30/99,7:02,ccollpa,na,na,BYMA
8/30/99,7:04,tree,na,na,na
9/1/99,5:55,tree,na,na,na
9/1/99,5:55,ccollpa,na,na,na
9/1/99,5:58,ccollpa,na,na,na
9/1/99,6:01,ccollpa,na,na,BYMA
9/1/99,6:04,tree,na,na,na
9/1/99,6:06,tree,na,na,na
9/1/99,6:06,ccollpa,na,na,BYMA
9/1/99,6:16,ccollpa,na,na,na
9/1/99,6:25,tree,na,na,na
9/1/99,6:26,ccollpa,na,na,MEPA
9/1/99,6:30,ccollpa,na,na,BYMA
9/1/99,6:31,ccollpa,na,na,MEPA
9/1/99,6:33,ccollpa,na,na,MEPA
9/1/99,6:35,ccollpa,na,na,SCMA
9/1/99,6:36,ccollpa,na,na,na
9/1/99,6:40,ccollpa,na,na,MEPA
9/1/99,6:43,ccollpa,na,na,na
9/1/99,6:45,ccollpa,na,na,MEPA
9/1/99,6:49,tree,na,na,na
9/1/99,6:49,ccollpa,na,na,na
9/1/99,6:51,ccollpa,na,na,na
9/1/99,6:55,ccollpa,na,na,MEPA
9/1/99,7:04,ccollpa,na,na,BYMA
9/1/99,7:05,ccollpa,na,na,SCMA
9/1/99,7:07,tree,na,na,na
9/1/99,7:09,ccollpa,na,na,na
9/1/99,7:12,ccollpa,na,na,SCMA
9/2/99,5:48,tree,na,na,na
9/2/99,5:58,ccollpa,na,na,na
9/2/99,6:00,ccollpa,na,na,na
9/2/99,6:08,ccollpa,na,na,SCMA
9/2/99,6:08,tree,na,na,SCMA
9/2/99,6:09,ccollpa,na,na,na
9/2/99,6:13,tree,na,na,na
9/2/99,6:17,tree,na,na,na
9/2/99,6:17,ccollpa,na,na,na
9/2/99,6:21,ccollpa,na,na,na
9/2/99,6:21,tree,na,na,na
9/2/99,6:24,tree,na,na,na
9/2/99,6:28,tree,na,na,na
9/2/99,11:50,ccollpa,rockfall,natural,na
9/2/99,14:09,tree,na,na,RGMA
9/2/99,14:33,tree,na,na,RGMA
9/2/99,15:42,tree,na,na,SCMA
9/2/99,15:49,tree,na,na,SCMA
9/2/99,16:06,tree,na,na,SCMA
9/2/99,16:09,tree,na,na,na
9/2/99,16:15,tree,below,human,na
9/2/99,16:19,tree,boat,human,na
9/4/99,5:47,tree,na,na,na
9/4/99,6:02,ccollpa,na,na,na
9/4/99,6:03,ccollpa,na,na,na
9/4/99,6:06,ccollpa,na,na,na
9/4/99,6:17,ccollpa,na,na,na
9/4/99,6:18,ccollpa,na,na,na
9/4/99,6:20,ccollpa,na,na,na
9/4/99,6:22,tree,na,na,na
9/4/99,6:29,ccollpa,na,na,na
9/4/99,6:31,ccollpa,na,na,Ara
9/6/99,5:54,ccollpa,na,na,na
9/6/99,5:57,tree,na,na,na
9/6/99,6:03,ccollpa,na,na,Ara
9/6/99,6:05,ccollpa,na,na,na
9/6/99,6:07,ccollpa,na,na,na
9/6/99,6:09,ccollpa,na,na,na
9/6/99,6:09,ccollpa,na,na,BYMA
9/6/99,6:17,ccollpa,rockfall,natural,na
9/6/99,6:30,ccollpa,na,na,na
9/6/99,6:35,ccollpa,na,na,na
9/6/99,6:40,tree,na,na,Ara
9/6/99,6:40,ccollpa,na,na,Ara
9/6/99,6:49,ccollpa,na,na,na
9/6/99,7:02,ccollpa,boat,human,na
9/7/99,5:55,ccollpa,na,na,na
9/7/99,6:01,ccollpa,na,na,na
9/7/99,6:07,ccollpa,boat,human,na
9/7/99,6:08,ccollpa,boat,human,na
9/7/99,6:11,ccollpa,na,na,BYMA
9/7/99,6:14,ccollpa,na,na,SCMA
9/7/99,6:15,ccollpa,na,na,WEPA
9/7/99,6:16,ccollpa,na,na,na
9/7/99,6:18,ccollpa,na,na,na
9/7/99,6:22,ccollpa,rockfall,natural,na
9/7/99,6:27,ccollpa,na,na,na
9/7/99,6:39,ccollpa,na,na,DHPA
9/7/99,6:42,ccollpa,na,na,na
9/7/99,6:43,ccollpa,na,na,na
9/7/99,6:45,ccollpa,na,na,na
9/7/99,6:49,ccollpa,na,na,na
9/7/99,6:53,ccollpa,na,na,na
9/7/99,7:01,ccollpa,na,na,na
9/8/99,5:54,ccollpa,na,na,na
9/8/99,5:57,ccollpa,na,na,na
9/8/99,5:57,ccollpa,na,na,na
9/8/99,6:00,ccollpa,na,na,na
9/8/99,6:05,ccollpa,na,na,na
9/8/99,6:11,tree,na,na,na
9/8/99,6:15,ccollpa,na,na,BYMA
9/8/99,6:18,ccollpa,na,na,na
9/8/99,6:20,tree,na,na,na
9/8/99,6:26,ccollpa,na,na,na
9/8/99,6:29,ccollpa,na,na,na
9/8/99,6:35,ccollpa,na,na,Ara
9/8/99,6:38,ccollpa,na,na,MEPA
9/8/99,6:39,ccollpa,na,na,na
9/8/99,6:43,ccollpa,na,na,BYMA
9/8/99,6:49,ccollpa,na,na,BYMA
9/8/99,6:58,ccollpa,na,na,na
9/8/99,7:02,tree,na,na,MEPA
9/9/99,5:54,ccollpa,below,human,na
9/9/99,5:55,ccollpa,below,human,na
9/9/99,5:57,ccollpa,na,na,na
9/9/99,5:59,ccollpa,na,na,na
9/9/99,6:01,ccollpa,na,na,SCMA
9/9/99,6:01,tree,na,na,SCMA
9/9/99,6:07,tree,na,na,na
9/9/99,6:17,ccollpa,na,na,na
9/9/99,6:28,ccollpa,na,na,na
9/9/99,6:33,ccollpa,na,na,na
9/9/99,6:38,ccollpa,na,na,na
9/9/99,6:38,tree,na,na,na
9/9/99,6:45,tree,na,na,na
9/9/99,6:54,ccollpa,na,na,MEPA
9/9/99,6:59,tree,na,na,SCMA
9/9/99,7:01,ccollpa,na,na,na
9/9/99,7:04,ccollpa,na,na,na
9/9/99,7:06,tree,na,na,na
9/11/99,5:47,ccollpa,na,na,na
9/11/99,5:57,ccollpa,na,na,na
9/11/99,6:00,ccollpa,na,na,na
9/11/99,6:13,tree,na,na,na
9/11/99,6:24,ccollpa,na,na,na
9/11/99,6:40,tree,na,na,na
9/12/99,5:48,ccollpa,na,na,YCPA
9/12/99,5:56,ccollpa,na,na,na
9/12/99,6:00,ccollpa,na,na,YCPA
9/12/99,6:00,tree,na,na,YCPA
9/12/99,6:07,tree,na,na,na
9/12/99,6:11,ccollpa,na,na,CFMA
9/12/99,6:12,ccollpa,na,na,na
9/12/99,6:13,ccollpa,na,na,Amazon
9/12/99,6:21,tree,na,na,na
9/12/99,6:22,ccollpa,na,na,na
9/12/99,6:23,ccollpa,na,na,BYMA
9/12/99,6:28,tree,na,na,na
9/12/99,14:01,ccollpa,rockfall,natural,CWPA
9/12/99,14:19,ccollpa,boat,human,na
9/12/99,14:20,tree,boat,human,na
9/12/99,14:33,tree,na,na,na
9/12/99,15:04,tree,na,na,na
9/12/99,16:17,ccollpa,below,human,na
9/13/99,5:57,ccollpa,na,na,BYMA
9/13/99,6:00,ccollpa,na,na,na
9/13/99,6:05,ccollpa,na,na,na
9/13/99,6:05,ccollpa,na,na,SCMA
9/13/99,6:05,tree,na,na,SCMA
9/13/99,6:06,ccollpa,na,na,SCMA
9/13/99,6:07,ccollpa,na,na,na
9/13/99,6:10,tree,na,na,SCMA
9/13/99,6:16,ccollpa,na,na,na
9/13/99,6:19,ccollpa,na,na,na
9/13/99,6:25,ccollpa,thunder,natural,na
9/13/99,6:30,ccollpa,na,na,na
9/13/99,6:30,ccollpa,na,na,na
9/13/99,6:39,ccollpa,na,na,na
9/13/99,6:40,ccollpa,thunder,natural,na
9/13/99,6:45,ccollpa,na,na,BYMA
9/13/99,6:50,ccollpa,na,na,MEPA
9/13/99,7:02,ccollpa,na,na,na
9/15/99,6:26,ccollpa,na,na,na
9/15/99,6:49,ccollpa,na,na,na
9/17/99,5:51,ccollpa,na,na,na
9/17/99,5:52,ccollpa,na,na,na
9/17/99,5:56,ccollpa,na,na,na
9/17/99,5:59,ccollpa,na,na,na
9/17/99,6:00,ccollpa,na,na,Ara
9/17/99,6:00,ccollpa,na,na,Ara
9/17/99,6:00,tree,na,na,na
9/17/99,6:01,ccollpa,na,na,na
9/17/99,6:02,ccollpa,na,na,BYMA
9/17/99,6:05,ccollpa,na,na,na
9/17/99,6:12,ccollpa,na,na,na
9/17/99,6:17,ccollpa,na,na,MEPA
9/17/99,6:20,ccollpa,na,na,na
9/17/99,6:27,ccollpa,na,na,Ara
9/17/99,6:27,tree,na,na,Ara
9/17/99,6:37,ccollpa,na,na,na
9/17/99,6:44,ccollpa,na,na,DHPA
9/17/99,6:48,ccollpa,na,na,na
9/17/99,6:57,tree,na,na,SCMA
9/17/99,9:23,ccollpa,boat,human,na
9/17/99,10:49,tree,na,na,na
9/17/99,10:53,ccollpa,na,na,na
9/17/99,10:58,tree,na,na,na
9/17/99,11:16,tree,trail,human,RGMA
9/17/99,13:44,tree,na,na,RGMA
9/17/99,14:23,tree,boat,human,RGMA
9/17/99,15:05,tree,boat,human,RGMA
9/18/99,5:40,tree,boat,human,na
9/18/99,5:55,ccollpa,na,na,CFMA
9/18/99,5:56,ccollpa,na,na,na
9/18/99,6:00,ccollpa,na,na,BYMA
9/18/99,6:02,ccollpa,na,na,BYMA
9/18/99,6:03,ccollpa,na,na,BYMA
9/18/99,6:05,ccollpa,na,na,BYMA
9/18/99,6:10,ccollpa,na,na,MEPA
9/18/99,6:11,ccollpa,na,na,na
9/18/99,6:13,ccollpa,na,na,BYMA
9/18/99,6:19,ccollpa,na,na,na
9/18/99,6:20,ccollpa,na,na,BYMA
9/18/99,6:28,tree,na,na,MEPA
9/18/99,6:38,ccollpa,na,na,na
9/18/99,13:23,ccollpa,na,na,na
9/18/99,13:23,tree,na,na,na
9/18/99,13:27,tree,na,na,na
9/18/99,14:07,tree,boat,human,na
9/21/99,5:52,ccollpa,na,na,na
9/21/99,5:57,ccollpa,na,na,na
9/21/99,6:01,ccollpa,na,na,na
9/21/99,6:01,tree,na,na,na
9/21/99,6:14,ccollpa,na,na,na
9/21/99,6:15,ccollpa,raptor,natural,na
9/21/99,6:21,tree,raptor,natural,na
9/21/99,6:36,ccollpa,na,na,na
9/21/99,9:47,tree,trail,human,na
9/21/99,11:03,ccollpa,na,na,na
9/21/99,11:33,ccollpa,raptor,natural,na
9/21/99,11:33,tree,raptor,natural,na
9/21/99,11:39,tree,raptor,natural,na
9/21/99,12:19,tree,raptor,natural,na
9/21/99,13:54,tree,raptor,natural,na
9/22/99,5:46,ccollpa,na,na,YCPA
9/22/99,5:52,ccollpa,na,na,na
9/22/99,6:02,ccollpa,na,na,na
9/22/99,6:02,tree,na,na,na
9/22/99,6:11,ccollpa,na,na,na
9/22/99,6:24,ccollpa,na,na,MEPA
9/22/99,6:31,ccollpa,na,na,na
9/22/99,6:33,ccollpa,na,na,na
9/22/99,6:35,ccollpa,na,na,WEPA
9/22/99,6:47,ccollpa,na,na,WEPA
9/22/99,6:50,ccollpa,na,na,WEPA
9/22/99,6:52,ccollpa,boat,human,na
9/22/99,6:52,tree,boat,human,na
9/22/99,6:53,ccollpa,boat,human,na
9/23/99,5:46,ccollpa,na,na,MEPA
9/23/99,5:46,tree,na,na,na
9/23/99,5:50,ccollpa,na,na,SCMA
9/23/99,5:50,tree,na,na,WEPA
9/23/99,5:59,ccollpa,na,na,WEPA
9/23/99,6:13,ccollpa,na,na,na
9/23/99,6:19,ccollpa,na,na,na
9/23/99,6:21,ccollpa,na,na,na
9/23/99,6:27,tree,na,na,na
9/23/99,6:28,ccollpa,na,na,na
9/23/99,6:29,ccollpa,na,na,na
9/23/99,6:42,ccollpa,na,na,na
9/23/99,7:00,tree,na,na,na
9/23/99,7:08,tree,boat,human,na
9/24/99,5:35,ccollpa,boat,human,na
9/24/99,5:42,ccollpa,na,na,na
9/24/99,5:44,ccollpa,na,na,na
9/24/99,5:49,ccollpa,na,na,Amazon
9/24/99,5:52,ccollpa,na,na,Ara
9/24/99,5:54,ccollpa,guan,natural,na
9/24/99,5:59,ccollpa,na,na,Ara
9/24/99,6:01,ccollpa,na,na,YCPA
9/24/99,6:08,ccollpa,na,na,na
9/24/99,6:09,ccollpa,na,na,WEPA
9/24/99,6:10,ccollpa,na,na,na
9/24/99,6:15,ccollpa,na,na,SCMA
9/24/99,6:15,tree,na,na,SCMA
9/24/99,6:18,ccollpa,na,na,na
9/24/99,6:37,ccollpa,na,na,CFMA
9/24/99,14:37,ccollpa,na,na,na
9/24/99,14:37,tree,na,na,na
9/24/99,14:50,ccollpa,na,na,na
9/24/99,14:50,tree,na,na,na
9/24/99,15:43,ccollpa,rockfall,natural,na
9/24/99,15:58,tree,na,na,RGMA
9/25/99,5:37,ccollpa,na,na,na
9/25/99,5:46,ccollpa,na,na,na
9/25/99,5:47,ccollpa,na,na,na
9/25/99,5:53,tree,na,na,CFMA
9/25/99,5:57,tree,na,na,Ara
9/25/99,5:58,ccollpa,na,na,SCMA
9/25/99,5:58,tree,na,na,SCMA
9/25/99,6:05,ccollpa,na,na,na
9/25/99,6:06,ccollpa,na,na,na
9/25/99,6:10,ccollpa,na,na,na
9/25/99,6:11,tree,na,na,na
9/25/99,6:12,ccollpa,na,na,na
9/25/99,6:12,tree,na,na,na
9/25/99,6:19,tree,na,na,na
9/25/99,6:22,tree,na,na,na
9/25/99,6:32,tree,na,na,na
9/25/99,6:42,tree,na,na,na
9/25/99,6:43,tree,na,na,na
9/27/99,5:40,ccollpa,na,na,na
9/27/99,5:40,tree,na,na,na
9/27/99,5:52,ccollpa,na,na,na
9/27/99,5:58,ccollpa,na,na,na
9/27/99,6:01,ccollpa,na,na,na
9/27/99,6:03,ccollpa,raptor,natural,na
9/27/99,6:03,tree,raptor,natural,na
9/27/99,6:24,ccollpa,na,na,na
9/27/99,6:34,ccollpa,na,na,na
9/27/99,6:39,ccollpa,na,na,na
9/27/99,6:43,ccollpa,na,na,na
9/27/99,6:45,ccollpa,na,na,MEPA
9/27/99,6:52,ccollpa,na,na,MEPA
9/27/99,6:52,tree,na,na,MEPA
9/27/99,6:59,ccollpa,na,na,SCMA
9/27/99,6:59,tree,na,na,SCMA
9/28/99,6:02,ccollpa,na,na,YCPA
9/28/99,6:04,ccollpa,na,na,YCPA
9/28/99,6:14,ccollpa,na,na,WEPA
9/28/99,6:30,ccollpa,na,na,MEPA
9/28/99,6:33,tree,raptor,natural,MEPA
9/28/99,6:35,tree,raptor,natural,na
9/28/99,11:25,tree,boat,human,na
9/28/99,14:43,ccollpa,na,na,na
9/29/99,5:26,ccollpa,na,na,na
9/29/99,5:27,ccollpa,boat,human,na
9/29/99,5:32,ccollpa,boat,human,na
9/29/99,5:36,ccollpa,na,na,na
9/29/99,5:40,ccollpa,na,na,na
9/29/99,5:40,tree,na,na,na
9/29/99,5:43,ccollpa,na,na,na
9/29/99,5:44,ccollpa,na,na,na
9/29/99,5:45,ccollpa,na,na,na
9/29/99,5:46,ccollpa,na,na,na
9/29/99,5:48,ccollpa,na,na,na
9/29/99,5:49,ccollpa,na,na,na
9/29/99,5:51,ccollpa,na,na,na
9/29/99,5:54,ccollpa,na,na,na
9/29/99,5:59,tree,na,na,na
9/29/99,6:01,ccollpa,na,na,na
9/29/99,6:03,ccollpa,na,na,na
9/29/99,6:04,tree,na,na,WEPA
9/29/99,6:08,tree,na,na,na
9/29/99,6:14,ccollpa,na,na,na
9/29/99,6:21,ccollpa,na,na,na
9/29/99,6:30,ccollpa,na,na,na
9/29/99,6:33,ccollpa,na,na,na
9/29/99,7:00,tree,na,na,na
9/30/99,5:39,ccollpa,na,na,na
9/30/99,5:44,ccollpa,na,na,na
9/30/99,5:49,ccollpa,na,na,na
9/30/99,5:51,ccollpa,na,na,na
9/30/99,5:52,ccollpa,na,na,na
9/30/99,5:54,ccollpa,na,na,na
9/30/99,5:55,ccollpa,na,na,MEPA
9/30/99,5:59,ccollpa,na,na,MEPA
9/30/99,6:01,ccollpa,na,na,WEPA
9/30/99,6:04,ccollpa,na,na,na
9/30/99,6:04,ccollpa,na,na,na
9/30/99,6:06,ccollpa,na,na,na
9/30/99,6:08,tree,na,na,na
9/30/99,6:09,ccollpa,na,na,na
9/30/99,6:10,ccollpa,na,na,na
9/30/99,6:14,ccollpa,na,na,MEPA
9/30/99,6:18,ccollpa,na,na,na
9/30/99,6:18,tree,na,na,na
9/30/99,6:28,ccollpa,na,na,Ara