ID,COLLECTION,CAT_ID,CODE,GENUS,SPECIES,SPEC_TYPE,NOTES,MORPH,MEASURE
1,Florida MNH,10046,MEPA,Amazona,farinosa,skin study,left wing,wing_Lw,24.8
2,Florida MNH,10046,MEPA,Amazona,farinosa,skin study,right wing,wing_Lw,24.3
3,Florida MNH,12524,BYMA,Ara,ararauna,skin study,right wing,wing_Lw,40
4,Florida MNH,12524,BYMA,Ara,ararauna,skin study,left wing,wing_Lw,40.5
5,Florida MNH,15624,RGMA,Ara,chloropterus,skin study,right wing,wing_Lw,39.5
6,Florida MNH,15624,RGMA,Ara,chloropterus,skin study,left wing,wing_Lw,39.5
7,Florida MNH,22116,SCMA,Ara,macao,wing spread,left wing,wing_Lw,38.6
8,Florida MNH,4491,SCMA,Ara,macao,skin study,right wing,wing_Lw,41
9,Florida MNH,4491,SCMA,Ara,macao,skin study,left wing,wing_Lw,40.9
10,Florida MNH,15623,SCMA,Ara,macao,skin study,right wing,wing_Lw,37.8
11,Florida MNH,37643,SCMA,Ara,macao,skin study,right wing,wing_Lw,40
12,Florida MNH,37643,SCMA,Ara,macao,skin study,left wing,wing_Lw,40.2
13,Florida MNH,22234,GRMA,Ara,severus,wing flat,right wing,wing_Lw,26.2
14,Florida MNH,37638,DHPA,Aratinga,weddellii,skin study,left wing,wing_Lw,14.5
15,Florida MNH,37638,DHPA,Aratinga,weddellii,skin study,right wing,wing_Lw,14.9
16,Florida MNH,37652,CWPA,Brotogeris,cyanoptera,skin study,right wing,wing_Lw,11.6
17,Florida MNH,37652,CWPA,Brotogeris,cyanoptera,skin study,left wing,wing_Lw,11.6
18,Florida MNH,39658,WBPA,Pionites,leucogaster,skin study,right wing,wing_Lw,13.9
19,Florida MNH,19167,OCPA,Pionopsitta,barrabandi,skin study,right wing,wing_Lw,16.7
20,Florida MNH,19167,OCPA,Pionopsitta,barrabandi,skin study,left wing,wing_Lw,16.6
21,Florida MNH,19166,BHPA,Pionus,menstruus,skin study,left wing,wing_Lw,18.8
22,Florida MNH,19166,BHPA,Pionus,menstruus,skin study,right wing,wing_Lw,19.2
23,Bishop Museum,185544,BYMA,Ara,ararauna,wing spread,left wing,wing_Lw,40.41
24,Carnegie MNH,P33810,MEPA,Amazona,farinosa,skin study,left wing,wing_Lw,23.4
25,Carnegie MNH,P33810,MEPA,Amazona,farinosa,skin study,right wing,wing_Lw,24
26,Carnegie MNH,P32229,MEPA,Amazona,farinosa,skin study,left wing,wing_Lw,23.7
27,Carnegie MNH,P32229,MEPA,Amazona,farinosa,skin study,right wing,wing_Lw,23.7
28,Carnegie MNH,P61975,MEPA,Amazona,farinosa,skin study,left wing,wing_Lw,23.1
29,Carnegie MNH,P61975,MEPA,Amazona,farinosa,skin study,right wing,wing_Lw,24.1
30,Carnegie MNH,P67902,MEPA,Amazona,farinosa,skin study,left wing,wing_Lw,23.7
31,Carnegie MNH,P67902,MEPA,Amazona,farinosa,skin study,right wing,wing_Lw,23.6
32,Carnegie MNH,P83121,MEPA,Amazona,farinosa,skin study,left wing,wing_Lw,25
33,Carnegie MNH,P83121,MEPA,Amazona,farinosa,skin study,right wing,wing_Lw,24.8
34,Carnegie MNH,S11326,MEPA,Amazona,farinosa,wing spread,left wing,wing_Lw,22.8
35,Carnegie MNH,S14152,MEPA,Amazona,farinosa,wing spread,left wing,wing_Lw,24
36,Carnegie MNH,S14370,MEPA,Amazona,farinosa,wing spread,left wing,wing_Lw,24.5
37,Carnegie MNH,S15502,MEPA,Amazona,farinosa,wing spread,left wing,wing_Lw,24.5
38,Carnegie MNH,P60438,YCPA,Amazona,ochrocephala,skin study,left wing,wing_Lw,22.8
39,Carnegie MNH,P60438,YCPA,Amazona,ochrocephala,skin study,right wing,wing_Lw,22.5
40,Carnegie MNH,P84234,YCPA,Amazona,ochrocephala,skin study,left wing,wing_Lw,20.6
41,Carnegie MNH,P84234,YCPA,Amazona,ochrocephala,skin study,right wing,wing_Lw,20.4
42,Carnegie MNH,P96477,YCPA,Amazona,ochrocephala,skin study,left wing,wing_Lw,22.5
43,Carnegie MNH,P96477,YCPA,Amazona,ochrocephala,skin study,right wing,wing_Lw,22.7
44,Carnegie MNH,P96478,YCPA,Amazona,ochrocephala,skin study,left wing,wing_Lw,22.1
45,Carnegie MNH,P96478,YCPA,Amazona,ochrocephala,skin study,right wing,wing_Lw,21.1
46,Carnegie MNH,S46388,YCPA,Amazona,ochrocephala,wing spread,right wing,wing_Lw,22.8
47,Carnegie MNH,S14137,YCPA,Amazona,ochrocephala,wing spread,left wing,wing_Lw,22
48,Carnegie MNH,S16178,YCPA,Amazona,ochrocephala,wing spread,right wing,wing_Lw,22.6
49,Carnegie MNH,P42994,BYMA,Ara,ararauna,skin study,left wing,wing_Lw,38.4
50,Carnegie MNH,P42994,BYMA,Ara,ararauna,skin study,right wing,wing_Lw,38.1
51,Carnegie MNH,P38264,BYMA,Ara,ararauna,skin study,left wing,wing_Lw,36.1
52,Carnegie MNH,P38264,BYMA,Ara,ararauna,skin study,right wing,wing_Lw,36
53,Carnegie MNH,P38309,BYMA,Ara,ararauna,skin study,left wing,wing_Lw,35.7
54,Carnegie MNH,P38309,BYMA,Ara,ararauna,skin study,right wing,wing_Lw,36
55,Carnegie MNH,P43728,BYMA,Ara,ararauna,skin study,left wing,wing_Lw,38
56,Carnegie MNH,P43728,BYMA,Ara,ararauna,skin study,right wing,wing_Lw,36
57,Carnegie MNH,P33815,RGMA,Ara,chloropterus,skin study,left wing,wing_Lw,40.2
58,Carnegie MNH,P33815,RGMA,Ara,chloropterus,skin study,right wing,wing_Lw,40.3
59,Carnegie MNH,P36190,RGMA,Ara,chloropterus,skin study,left wing,wing_Lw,38.8
60,Carnegie MNH,P36190,RGMA,Ara,chloropterus,skin study,right wing,wing_Lw,39.1
61,Carnegie MNH,P42862,RGMA,Ara,chloropterus,skin study,left wing,wing_Lw,38.6
62,Carnegie MNH,P42862,RGMA,Ara,chloropterus,skin study,right wing,wing_Lw,38.2
63,Carnegie MNH,P44057,RGMA,Ara,chloropterus,skin study,left wing,wing_Lw,38.9
64,Carnegie MNH,P44057,RGMA,Ara,chloropterus,skin study,right wing,wing_Lw,38
65,Carnegie MNH,P51882,RGMA,Ara,chloropterus,skin study,left wing,wing_Lw,37.6
66,Carnegie MNH,P51882,RGMA,Ara,chloropterus,skin study,right wing,wing_Lw,37.8
67,Carnegie MNH,S11015,RGMA,Ara,chloropterus,wing spread,left wing,wing_Lw,43.7
68,Carnegie MNH,P32371,SCMA,Ara,macao,skin study,left wing,wing_Lw,40.2
69,Carnegie MNH,P32371,SCMA,Ara,macao,skin study,right wing,wing_Lw,40.6
70,Carnegie MNH,P68662,SCMA,Ara,macao,skin study,left wing,wing_Lw,40
71,Carnegie MNH,P68662,SCMA,Ara,macao,skin study,right wing,wing_Lw,40.2
72,Carnegie MNH,P93893,SCMA,Ara,macao,skin study,left wing,wing_Lw,40
73,Carnegie MNH,P93893,SCMA,Ara,macao,skin study,right wing,wing_Lw,40.6
74,Carnegie MNH,S12349,SCMA,Ara,macao,wing spread,left wing,wing_Lw,37.5
75,Carnegie MNH,S17056,SCMA,Ara,macao,wing spread,left wing,wing_Lw,40.7
76,Carnegie MNH,P120034,GRMA,Ara,severus,skin study,left wing,wing_Lw,24
77,Carnegie MNH,P120034,GRMA,Ara,severus,skin study,right wing,wing_Lw,23.9
78,Carnegie MNH,P120035,GRMA,Ara,severus,skin study,left wing,wing_Lw,24.1
79,Carnegie MNH,P120035,GRMA,Ara,severus,skin study,right wing,wing_Lw,24.4
80,Carnegie MNH,P78949,GRMA,Ara,severus,skin study,left wing,wing_Lw,23.9
81,Carnegie MNH,P78949,GRMA,Ara,severus,skin study,right wing,wing_Lw,23.9
82,Carnegie MNH,P78988,GRMA,Ara,severus,skin study,left wing,wing_Lw,24.1
83,Carnegie MNH,P78988,GRMA,Ara,severus,skin study,right wing,wing_Lw,24
84,Carnegie MNH,P93528,GRMA,Ara,severus,skin study,left wing,wing_Lw,24.5
85,Carnegie MNH,P93528,GRMA,Ara,severus,skin study,right wing,wing_Lw,24.2
86,Carnegie MNH,P44066,DHPA,Aratinga,weddellii,skin study,left wing,wing_Lw,13.3
87,Carnegie MNH,P44066,DHPA,Aratinga,weddellii,skin study,right wing,wing_Lw,14.5
88,Carnegie MNH,P44067,DHPA,Aratinga,weddellii,skin study,left wing,wing_Lw,14
89,Carnegie MNH,P44067,DHPA,Aratinga,weddellii,skin study,right wing,wing_Lw,14.2
90,Carnegie MNH,P44069,DHPA,Aratinga,weddellii,skin study,left wing,wing_Lw,13.6
91,Carnegie MNH,P44069,DHPA,Aratinga,weddellii,skin study,right wing,wing_Lw,13.3
92,Carnegie MNH,P44070,DHPA,Aratinga,weddellii,skin study,left wing,wing_Lw,14.4
93,Carnegie MNH,P44070,DHPA,Aratinga,weddellii,skin study,right wing,wing_Lw,14.6
94,Carnegie MNH,P79544,DHPA,Aratinga,weddellii,skin study,left wing,wing_Lw,13.9
95,Carnegie MNH,P79544,DHPA,Aratinga,weddellii,skin study,right wing,wing_Lw,13.5
96,Carnegie MNH,P79897,DHPA,Aratinga,weddellii,skin study,left wing,wing_Lw,13.4
97,Carnegie MNH,P79897,DHPA,Aratinga,weddellii,skin study,right wing,wing_Lw,13.8
98,Carnegie MNH,P79898,DHPA,Aratinga,weddellii,skin study,left wing,wing_Lw,14.3
99,Carnegie MNH,P79898,DHPA,Aratinga,weddellii,skin study,right wing,wing_Lw,14.4
100,Carnegie MNH,P94676,DHPA,Aratinga,weddellii,skin study,left wing,wing_Lw,14.3
101,Carnegie MNH,P94676,DHPA,Aratinga,weddellii,skin study,right wing,wing_Lw,13.7
102,Carnegie MNH,P125060,CWPA,Brotogeris,cyanoptera,skin study,left wing,wing_Lw,12.4
103,Carnegie MNH,P125060,CWPA,Brotogeris,cyanoptera,skin study,right wing,wing_Lw,12.6
104,Carnegie MNH,P95683,CWPA,Brotogeris,cyanoptera,skin study,left wing,wing_Lw,10.9
105,Carnegie MNH,P95683,CWPA,Brotogeris,cyanoptera,skin study,right wing,wing_Lw,10.7
106,Carnegie MNH,P95790,CWPA,Brotogeris,cyanoptera,skin study,left wing,wing_Lw,11.6
107,Carnegie MNH,P95790,CWPA,Brotogeris,cyanoptera,skin study,right wing,wing_Lw,11.5
108,Carnegie MNH,P143555,,Brotogeris,tirica,skin study,left wing,wing_Lw,11.9
109,Carnegie MNH,P143555,,Brotogeris,tirica,skin study,right wing,wing_Lw,11.8
110,Carnegie MNH,P143559,,Brotogeris,tirica,skin study,left wing,wing_Lw,11.8
111,Carnegie MNH,P143559,,Brotogeris,tirica,skin study,right wing,wing_Lw,12
112,Carnegie MNH,S7782,,Brotogeris,tirica,wing spread,left wing,wing_Lw,8.6
113,Carnegie MNH,S15755,,Forpus,coelestis,wing spread,left wing,wing_Lw,8.1
114,Carnegie MNH,P38445,DBPA,Forpus,modestus,skin study,left wing,wing_Lw,8
115,Carnegie MNH,P38445,DBPA,Forpus,modestus,skin study,right wing,wing_Lw,8.2
116,Carnegie MNH,P38446,DBPA,Forpus,modestus,skin study,left wing,wing_Lw,8.3
117,Carnegie MNH,P38446,DBPA,Forpus,modestus,skin study,right wing,wing_Lw,8.5
118,Carnegie MNH,P87913,DBPA,Forpus,modestus,skin study,left wing,wing_Lw,7.5
119,Carnegie MNH,P87913,DBPA,Forpus,modestus,skin study,right wing,wing_Lw,8
120,Carnegie MNH,P88239,DBPA,Forpus,modestus,skin study,left wing,wing_Lw,7.7
121,Carnegie MNH,P88239,DBPA,Forpus,modestus,skin study,right wing,wing_Lw,7.7
122,Carnegie MNH,P72174,GRMA,Orthopsittaca,manilatus,skin study,left wing,wing_Lw,21.5
123,Carnegie MNH,P72174,GRMA,Orthopsittaca,manilatus,skin study,right wing,wing_Lw,21.8
124,Carnegie MNH,P72387,GRMA,Orthopsittaca,manilatus,skin study,left wing,wing_Lw,24.6
125,Carnegie MNH,P72387,GRMA,Orthopsittaca,manilatus,skin study,right wing,wing_Lw,24
126,Carnegie MNH,P82626,GRMA,Orthopsittaca,manilatus,skin study,left wing,wing_Lw,21.6
127,Carnegie MNH,P82626,GRMA,Orthopsittaca,manilatus,skin study,right wing,wing_Lw,21.7
128,Carnegie MNH,S11732,GRMA,Orthopsittaca,manilatus,wing spread,left wing,wing_Lw,22.5
129,Carnegie MNH,S14824,GRMA,Orthopsittaca,manilatus,wing spread,left wing,wing_Lw,23.3
130,Carnegie MNH,S15493,GRMA,Orthopsittaca,manilatus,wing spread,left wing,wing_Lw,24.2
131,Carnegie MNH,S15494,GRMA,Orthopsittaca,manilatus,wing spread,right wing,wing_Lw,24.1
132,Carnegie MNH,P38342,WBPA,Pionites,leucogaster,skin study,left wing,wing_Lw,13.9
133,Carnegie MNH,P38342,WBPA,Pionites,leucogaster,skin study,right wing,wing_Lw,14.4
134,Carnegie MNH,P38425,WBPA,Pionites,leucogaster,skin study,left wing,wing_Lw,13.9
135,Carnegie MNH,P38425,WBPA,Pionites,leucogaster,skin study,right wing,wing_Lw,14.1
136,Carnegie MNH,P86662,WBPA,Pionites,leucogaster,skin study,left wing,wing_Lw,13.6
137,Carnegie MNH,P86662,WBPA,Pionites,leucogaster,skin study,right wing,wing_Lw,14
138,Carnegie MNH,S14378,,Pionites,melanocephalus,wing spread,left wing,wing_Lw,12.1
139,Carnegie MNH,S14823,,Pionites,melanocephalus,wing spread,right wing,wing_Lw,13.2
140,Carnegie MNH,S15576,,Pionites,melanocephalus,wing spread,left wing,wing_Lw,14.8
141,Carnegie MNH,P119787,BHPA,Pionus,menstruus,skin study,left wing,wing_Lw,18.8
142,Carnegie MNH,P119787,BHPA,Pionus,menstruus,skin study,right wing,wing_Lw,19.4
143,Carnegie MNH,P78906,BHPA,Pionus,menstruus,skin study,left wing,wing_Lw,17.7
144,Carnegie MNH,P78906,BHPA,Pionus,menstruus,skin study,right wing,wing_Lw,18.7
145,Carnegie MNH,P78938,BHPA,Pionus,menstruus,skin study,left wing,wing_Lw,18.1
146,Carnegie MNH,P78938,BHPA,Pionus,menstruus,skin study,right wing,wing_Lw,18.5
147,Carnegie MNH,P78939,BHPA,Pionus,menstruus,skin study,left wing,wing_Lw,18.5
148,Carnegie MNH,P78939,BHPA,Pionus,menstruus,skin study,right wing,wing_Lw,18.4
149,Carnegie MNH,S11335,BHPA,Pionus,menstruus,wing spread,left wing,wing_Lw,18.1
150,Carnegie MNH,P120511,WEPA,Psittacara,leucophthalmus,skin study,left wing,wing_Lw,16.8
151,Carnegie MNH,P120511,WEPA,Psittacara,leucophthalmus,skin study,right wing,wing_Lw,16.6
152,Carnegie MNH,P38274,WEPA,Psittacara,leucophthalmus,skin study,left wing,wing_Lw,16.5
153,Carnegie MNH,P38274,WEPA,Psittacara,leucophthalmus,skin study,right wing,wing_Lw,16.4
154,Carnegie MNH,P44074,WEPA,Psittacara,leucophthalmus,skin study,left wing,wing_Lw,18.1
155,Carnegie MNH,P44074,WEPA,Psittacara,leucophthalmus,skin study,right wing,wing_Lw,18.7
156,Carnegie MNH,P72833,WEPA,Psittacara,leucophthalmus,skin study,left wing,wing_Lw,16.1
157,Carnegie MNH,P72833,WEPA,Psittacara,leucophthalmus,skin study,right wing,wing_Lw,16.6
158,Carnegie MNH,P91957,OCPA,Pyrilia,barrabandi,skin study,left wing,wing_Lw,15.3
159,Carnegie MNH,P91957,OCPA,Pyrilia,barrabandi,skin study,right wing,wing_Lw,15.2
160,Carnegie MNH,P91958,OCPA,Pyrilia,barrabandi,skin study,left wing,wing_Lw,15.7
161,Carnegie MNH,P91958,OCPA,Pyrilia,barrabandi,skin study,right wing,wing_Lw,15.8
162,Carnegie MNH,P96921,OCPA,Pyrilia,barrabandi,skin study,left wing,wing_Lw,16.6
163,Carnegie MNH,P96921,OCPA,Pyrilia,barrabandi,skin study,right wing,wing_Lw,16.2
164,Florida MNH,10046,MEPA,Amazona,farinosa,skin study,left wing,wing_S1,16.6
165,Florida MNH,10046,MEPA,Amazona,farinosa,skin study,right wing,wing_S1,16.4
166,Florida MNH,12524,BYMA,Ara,ararauna,skin study,right wing,wing_S1,24.6
167,Florida MNH,12524,BYMA,Ara,ararauna,skin study,left wing,wing_S1,24.5
168,Florida MNH,15624,RGMA,Ara,chloropterus,skin study,right wing,wing_S1,23
169,Florida MNH,15624,RGMA,Ara,chloropterus,skin study,left wing,wing_S1,23.5
170,Florida MNH,22116,SCMA,Ara,macao,wing spread,left wing,wing_S1,23.8
171,Florida MNH,4491,SCMA,Ara,macao,skin study,right wing,wing_S1,25.5
172,Florida MNH,4491,SCMA,Ara,macao,skin study,left wing,wing_S1,25.8
173,Florida MNH,15623,SCMA,Ara,macao,skin study,right wing,wing_S1,24
174,Florida MNH,15623,SCMA,Ara,macao,skin study,left wing,wing_S1,24.2
175,Florida MNH,37643,SCMA,Ara,macao,skin study,right wing,wing_S1,22.5
176,Florida MNH,37643,SCMA,Ara,macao,skin study,left wing,wing_S1,23
177,Florida MNH,22234,GRMA,Ara,severus,wing flat,right wing,wing_S1,14.6
178,Florida MNH,37638,DHPA,Aratinga,weddellii,skin study,left wing,wing_S1,8
179,Florida MNH,37638,DHPA,Aratinga,weddellii,skin study,right wing,wing_S1,8.5
180,Florida MNH,37652,CWPA,Brotogeris,cyanoptera,skin study,right wing,wing_S1,7.1
181,Florida MNH,37652,CWPA,Brotogeris,cyanoptera,skin study,left wing,wing_S1,7.2
182,Florida MNH,39658,WBPA,Pionites,leucogaster,skin study,right wing,wing_S1,9.7
183,Florida MNH,19167,OCPA,Pionopsitta,barrabandi,skin study,right wing,wing_S1,11.4
184,Florida MNH,19167,OCPA,Pionopsitta,barrabandi,skin study,left wing,wing_S1,11
185,Florida MNH,19166,BHPA,Pionus,menstruus,skin study,left wing,wing_S1,12.6
186,Florida MNH,19166,BHPA,Pionus,menstruus,skin study,right wing,wing_S1,12.7
187,Bishop Museum,185544,BYMA,Ara,ararauna,wing spread,left wing,wing_S1,22.09
188,Carnegie MNH,P33810,MEPA,Amazona,farinosa,skin study,left wing,wing_S1,17.3
189,Carnegie MNH,P33810,MEPA,Amazona,farinosa,skin study,right wing,wing_S1,17.3
190,Carnegie MNH,P32229,MEPA,Amazona,farinosa,skin study,left wing,wing_S1,17
191,Carnegie MNH,P32229,MEPA,Amazona,farinosa,skin study,right wing,wing_S1,17.2
192,Carnegie MNH,P61975,MEPA,Amazona,farinosa,skin study,left wing,wing_S1,16.5
193,Carnegie MNH,P61975,MEPA,Amazona,farinosa,skin study,right wing,wing_S1,17.2
194,Carnegie MNH,P67902,MEPA,Amazona,farinosa,skin study,left wing,wing_S1,17.2
195,Carnegie MNH,P67902,MEPA,Amazona,farinosa,skin study,right wing,wing_S1,17
196,Carnegie MNH,S11326,MEPA,Amazona,farinosa,wing spread,left wing,wing_S1,15.2
197,Carnegie MNH,S14152,MEPA,Amazona,farinosa,wing spread,left wing,wing_S1,16.2
198,Carnegie MNH,S14370,MEPA,Amazona,farinosa,wing spread,left wing,wing_S1,16.4
199,Carnegie MNH,S15502,MEPA,Amazona,farinosa,wing spread,left wing,wing_S1,16.6
200,Carnegie MNH,P60438,YCPA,Amazona,ochrocephala,skin study,left wing,wing_S1,16.3
201,Carnegie MNH,P60438,YCPA,Amazona,ochrocephala,skin study,right wing,wing_S1,15.2
202,Carnegie MNH,P84234,YCPA,Amazona,ochrocephala,skin study,left wing,wing_S1,14.7
203,Carnegie MNH,P84234,YCPA,Amazona,ochrocephala,skin study,right wing,wing_S1,14.9
204,Carnegie MNH,P96477,YCPA,Amazona,ochrocephala,skin study,left wing,wing_S1,15.9
205,Carnegie MNH,P96477,YCPA,Amazona,ochrocephala,skin study,right wing,wing_S1,16.4
206,Carnegie MNH,P96478,YCPA,Amazona,ochrocephala,skin study,left wing,wing_S1,15.7
207,Carnegie MNH,P96478,YCPA,Amazona,ochrocephala,skin study,right wing,wing_S1,15.2
208,Carnegie MNH,S46388,YCPA,Amazona,ochrocephala,wing spread,right wing,wing_S1,15.6
209,Carnegie MNH,S14137,YCPA,Amazona,ochrocephala,wing spread,left wing,wing_S1,14.8
210,Carnegie MNH,S16178,YCPA,Amazona,ochrocephala,wing spread,right wing,wing_S1,15.1
211,Carnegie MNH,P42994,BYMA,Ara,ararauna,skin study,left wing,wing_S1,22
212,Carnegie MNH,P42994,BYMA,Ara,ararauna,skin study,right wing,wing_S1,22.3
213,Carnegie MNH,P38264,BYMA,Ara,ararauna,skin study,left wing,wing_S1,20
214,Carnegie MNH,P38264,BYMA,Ara,ararauna,skin study,right wing,wing_S1,21.4
215,Carnegie MNH,P38309,BYMA,Ara,ararauna,skin study,left wing,wing_S1,21.3
216,Carnegie MNH,P38309,BYMA,Ara,ararauna,skin study,right wing,wing_S1,20.9
217,Carnegie MNH,P43728,BYMA,Ara,ararauna,skin study,left wing,wing_S1,21
218,Carnegie MNH,P43728,BYMA,Ara,ararauna,skin study,right wing,wing_S1,21.6
219,Carnegie MNH,P33815,RGMA,Ara,chloropterus,skin study,left wing,wing_S1,24.1
220,Carnegie MNH,P33815,RGMA,Ara,chloropterus,skin study,right wing,wing_S1,25.8
221,Carnegie MNH,P36190,RGMA,Ara,chloropterus,skin study,left wing,wing_S1,23.4
222,Carnegie MNH,P36190,RGMA,Ara,chloropterus,skin study,right wing,wing_S1,22.4
223,Carnegie MNH,P42862,RGMA,Ara,chloropterus,skin study,left wing,wing_S1,22.9
224,Carnegie MNH,P42862,RGMA,Ara,chloropterus,skin study,right wing,wing_S1,23.1
225,Carnegie MNH,P44057,RGMA,Ara,chloropterus,skin study,left wing,wing_S1,24
226,Carnegie MNH,P44057,RGMA,Ara,chloropterus,skin study,right wing,wing_S1,23.8
227,Carnegie MNH,P51882,RGMA,Ara,chloropterus,skin study,left wing,wing_S1,22.6
228,Carnegie MNH,P51882,RGMA,Ara,chloropterus,skin study,right wing,wing_S1,22.9
229,Carnegie MNH,S11015,RGMA,Ara,chloropterus,wing spread,left wing,wing_S1,24
230,Carnegie MNH,P32371,SCMA,Ara,macao,skin study,left wing,wing_S1,20.8
231,Carnegie MNH,P32371,SCMA,Ara,macao,skin study,right wing,wing_S1,23.5
232,Carnegie MNH,P68662,SCMA,Ara,macao,skin study,left wing,wing_S1,25
233,Carnegie MNH,P68662,SCMA,Ara,macao,skin study,right wing,wing_S1,24.5
234,Carnegie MNH,P93893,SCMA,Ara,macao,skin study,left wing,wing_S1,22.1
235,Carnegie MNH,P93893,SCMA,Ara,macao,skin study,right wing,wing_S1,24.1
236,Carnegie MNH,S12349,SCMA,Ara,macao,wing spread,left wing,wing_S1,22.1
237,Carnegie MNH,S17056,SCMA,Ara,macao,wing spread,left wing,wing_S1,24.2
238,Carnegie MNH,P120034,GRMA,Ara,severus,skin study,left wing,wing_S1,14.3
239,Carnegie MNH,P120034,GRMA,Ara,severus,skin study,right wing,wing_S1,14.7
240,Carnegie MNH,P120035,GRMA,Ara,severus,skin study,left wing,wing_S1,14.2
241,Carnegie MNH,P120035,GRMA,Ara,severus,skin study,right wing,wing_S1,14.3
242,Carnegie MNH,P78949,GRMA,Ara,severus,skin study,left wing,wing_S1,14.4
243,Carnegie MNH,P78949,GRMA,Ara,severus,skin study,right wing,wing_S1,14.2
244,Carnegie MNH,P78988,GRMA,Ara,severus,skin study,left wing,wing_S1,14.8
245,Carnegie MNH,P78988,GRMA,Ara,severus,skin study,right wing,wing_S1,14.6
246,Carnegie MNH,P93528,GRMA,Ara,severus,skin study,left wing,wing_S1,14.5
247,Carnegie MNH,P93528,GRMA,Ara,severus,skin study,right wing,wing_S1,14.3
248,Carnegie MNH,P44066,DHPA,Aratinga,weddellii,skin study,left wing,wing_S1,7.9
249,Carnegie MNH,P44066,DHPA,Aratinga,weddellii,skin study,right wing,wing_S1,8
250,Carnegie MNH,P44067,DHPA,Aratinga,weddellii,skin study,left wing,wing_S1,7.4
251,Carnegie MNH,P44067,DHPA,Aratinga,weddellii,skin study,right wing,wing_S1,7.7
252,Carnegie MNH,P44069,DHPA,Aratinga,weddellii,skin study,left wing,wing_S1,7.5
253,Carnegie MNH,P44069,DHPA,Aratinga,weddellii,skin study,right wing,wing_S1,7.7
254,Carnegie MNH,P44070,DHPA,Aratinga,weddellii,skin study,left wing,wing_S1,8
255,Carnegie MNH,P44070,DHPA,Aratinga,weddellii,skin study,right wing,wing_S1,7.9
256,Carnegie MNH,P79544,DHPA,Aratinga,weddellii,skin study,left wing,wing_S1,7.7
257,Carnegie MNH,P79544,DHPA,Aratinga,weddellii,skin study,right wing,wing_S1,7
258,Carnegie MNH,P79897,DHPA,Aratinga,weddellii,skin study,left wing,wing_S1,7.3
259,Carnegie MNH,P79897,DHPA,Aratinga,weddellii,skin study,right wing,wing_S1,7.7
260,Carnegie MNH,P79898,DHPA,Aratinga,weddellii,skin study,left wing,wing_S1,8.2
261,Carnegie MNH,P79898,DHPA,Aratinga,weddellii,skin study,right wing,wing_S1,8.4
262,Carnegie MNH,P94676,DHPA,Aratinga,weddellii,skin study,left wing,wing_S1,8
263,Carnegie MNH,P94676,DHPA,Aratinga,weddellii,skin study,right wing,wing_S1,7.7
264,Carnegie MNH,P125060,CWPA,Brotogeris,cyanoptera,skin study,left wing,wing_S1,7.7
265,Carnegie MNH,P125060,CWPA,Brotogeris,cyanoptera,skin study,right wing,wing_S1,7.4
266,Carnegie MNH,P95683,CWPA,Brotogeris,cyanoptera,skin study,left wing,wing_S1,6.9
267,Carnegie MNH,P95683,CWPA,Brotogeris,cyanoptera,skin study,right wing,wing_S1,6.8
268,Carnegie MNH,P95790,CWPA,Brotogeris,cyanoptera,skin study,left wing,wing_S1,6.7
269,Carnegie MNH,P95790,CWPA,Brotogeris,cyanoptera,skin study,right wing,wing_S1,6.9
270,Carnegie MNH,P143555,,Brotogeris,tirica,skin study,left wing,wing_S1,7.1
271,Carnegie MNH,P143555,,Brotogeris,tirica,skin study,right wing,wing_S1,7
272,Carnegie MNH,P143559,,Brotogeris,tirica,skin study,left wing,wing_S1,6.8
273,Carnegie MNH,P143559,,Brotogeris,tirica,skin study,right wing,wing_S1,7.2
274,Carnegie MNH,S7782,,Brotogeris,tirica,wing spread,left wing,wing_S1,5
275,Carnegie MNH,S15755,,Forpus,coelestis,wing spread,left wing,wing_S1,4.8
276,Carnegie MNH,P38445,DBPA,Forpus,modestus,skin study,left wing,wing_S1,5
277,Carnegie MNH,P38445,DBPA,Forpus,modestus,skin study,right wing,wing_S1,5.1
278,Carnegie MNH,P38446,DBPA,Forpus,modestus,skin study,left wing,wing_S1,5.2
279,Carnegie MNH,P38446,DBPA,Forpus,modestus,skin study,right wing,wing_S1,5.2
280,Carnegie MNH,P87913,DBPA,Forpus,modestus,skin study,left wing,wing_S1,5.1
281,Carnegie MNH,P87913,DBPA,Forpus,modestus,skin study,right wing,wing_S1,5.2
282,Carnegie MNH,P88239,DBPA,Forpus,modestus,skin study,left wing,wing_S1,5.1
283,Carnegie MNH,P88239,DBPA,Forpus,modestus,skin study,right wing,wing_S1,5.3
284,Carnegie MNH,P72174,GRMA,Orthopsittaca,manilatus,skin study,left wing,wing_S1,12.3
285,Carnegie MNH,P72174,GRMA,Orthopsittaca,manilatus,skin study,right wing,wing_S1,12.1
286,Carnegie MNH,P72387,GRMA,Orthopsittaca,manilatus,skin study,left wing,wing_S1,12.4
287,Carnegie MNH,P72387,GRMA,Orthopsittaca,manilatus,skin study,right wing,wing_S1,12.2
288,Carnegie MNH,P82626,GRMA,Orthopsittaca,manilatus,skin study,left wing,wing_S1,12.7
289,Carnegie MNH,P82626,GRMA,Orthopsittaca,manilatus,skin study,right wing,wing_S1,12.1
290,Carnegie MNH,S11732,GRMA,Orthopsittaca,manilatus,wing spread,left wing,wing_S1,11.5
291,Carnegie MNH,S14824,GRMA,Orthopsittaca,manilatus,wing spread,left wing,wing_S1,11.7
292,Carnegie MNH,S15493,GRMA,Orthopsittaca,manilatus,wing spread,left wing,wing_S1,11.8
293,Carnegie MNH,S15494,GRMA,Orthopsittaca,manilatus,wing spread,right wing,wing_S1,11.8
294,Carnegie MNH,P38342,WBPA,Pionites,leucogaster,skin study,left wing,wing_S1,9.3
295,Carnegie MNH,P38342,WBPA,Pionites,leucogaster,skin study,right wing,wing_S1,9.5
296,Carnegie MNH,P38425,WBPA,Pionites,leucogaster,skin study,left wing,wing_S1,9.6
297,Carnegie MNH,P38425,WBPA,Pionites,leucogaster,skin study,right wing,wing_S1,9.7
298,Carnegie MNH,P86662,WBPA,Pionites,leucogaster,skin study,left wing,wing_S1,9.5
299,Carnegie MNH,P86662,WBPA,Pionites,leucogaster,skin study,right wing,wing_S1,9.4
300,Carnegie MNH,S14378,,Pionites,melanocephalus,wing spread,left wing,wing_S1,8.2
301,Carnegie MNH,S14823,,Pionites,melanocephalus,wing spread,right wing,wing_S1,8.9
302,Carnegie MNH,S15576,,Pionites,melanocephalus,wing spread,left wing,wing_S1,8.6
303,Carnegie MNH,P119787,BHPA,Pionus,menstruus,skin study,left wing,wing_S1,12.7
304,Carnegie MNH,P119787,BHPA,Pionus,menstruus,skin study,right wing,wing_S1,13
305,Carnegie MNH,P78906,BHPA,Pionus,menstruus,skin study,left wing,wing_S1,11.6
306,Carnegie MNH,P78906,BHPA,Pionus,menstruus,skin study,right wing,wing_S1,12.3
307,Carnegie MNH,P78938,BHPA,Pionus,menstruus,skin study,left wing,wing_S1,11.9
308,Carnegie MNH,P78938,BHPA,Pionus,menstruus,skin study,right wing,wing_S1,12.2
309,Carnegie MNH,P78939,BHPA,Pionus,menstruus,skin study,left wing,wing_S1,11.9
310,Carnegie MNH,P78939,BHPA,Pionus,menstruus,skin study,right wing,wing_S1,12
311,Carnegie MNH,S11335,BHPA,Pionus,menstruus,wing spread,left wing,wing_S1,11
312,Carnegie MNH,P120511,WEPA,Psittacara,leucophthalmus,skin study,left wing,wing_S1,9.8
313,Carnegie MNH,P120511,WEPA,Psittacara,leucophthalmus,skin study,right wing,wing_S1,9.7
314,Carnegie MNH,P38274,WEPA,Psittacara,leucophthalmus,skin study,left wing,wing_S1,9.6
315,Carnegie MNH,P38274,WEPA,Psittacara,leucophthalmus,skin study,right wing,wing_S1,9.6
316,Carnegie MNH,P44074,WEPA,Psittacara,leucophthalmus,skin study,left wing,wing_S1,10.6
317,Carnegie MNH,P44074,WEPA,Psittacara,leucophthalmus,skin study,right wing,wing_S1,10
318,Carnegie MNH,P72833,WEPA,Psittacara,leucophthalmus,skin study,left wing,wing_S1,9.2
319,Carnegie MNH,P72833,WEPA,Psittacara,leucophthalmus,skin study,right wing,wing_S1,9.7
320,Carnegie MNH,P91957,OCPA,Pyrilia,barrabandi,skin study,left wing,wing_S1,10.2
321,Carnegie MNH,P91957,OCPA,Pyrilia,barrabandi,skin study,right wing,wing_S1,9.7
322,Carnegie MNH,P91958,OCPA,Pyrilia,barrabandi,skin study,left wing,wing_S1,9.3
323,Carnegie MNH,P91958,OCPA,Pyrilia,barrabandi,skin study,right wing,wing_S1,9.8
324,Carnegie MNH,P96921,OCPA,Pyrilia,barrabandi,skin study,left wing,wing_S1,10.3
325,Carnegie MNH,P96921,OCPA,Pyrilia,barrabandi,skin study,right wing,wing_S1,11
326,Florida MNH,10046,MEPA,Amazona,farinosa,skin study,left wing,wing_Hwi,33.065
327,Florida MNH,10046,MEPA,Amazona,farinosa,skin study,right wing,wing_Hwi,32.51
328,Florida MNH,12524,BYMA,Ara,ararauna,skin study,right wing,wing_Hwi,38.5
329,Florida MNH,12524,BYMA,Ara,ararauna,skin study,left wing,wing_Hwi,39.506
330,Florida MNH,15624,RGMA,Ara,chloropterus,skin study,right wing,wing_Hwi,41.772
331,Florida MNH,15624,RGMA,Ara,chloropterus,skin study,left wing,wing_Hwi,40.506
332,Florida MNH,22116,SCMA,Ara,macao,wing spread,left wing,wing_Hwi,38.342
333,Florida MNH,4491,SCMA,Ara,macao,skin study,right wing,wing_Hwi,37.805
334,Florida MNH,4491,SCMA,Ara,macao,skin study,left wing,wing_Hwi,36.919
335,Florida MNH,15623,SCMA,Ara,macao,skin study,right wing,wing_Hwi,36.508
336,Florida MNH,37643,SCMA,Ara,macao,skin study,right wing,wing_Hwi,43.75
337,Florida MNH,37643,SCMA,Ara,macao,skin study,left wing,wing_Hwi,42.786
338,Florida MNH,22234,GRMA,Ara,severus,wing flat,right wing,wing_Hwi,44.275
339,Florida MNH,37638,DHPA,Aratinga,weddellii,skin study,left wing,wing_Hwi,44.828
340,Florida MNH,37638,DHPA,Aratinga,weddellii,skin study,right wing,wing_Hwi,42.953
341,Florida MNH,37652,CWPA,Brotogeris,cyanoptera,skin study,right wing,wing_Hwi,38.793
342,Florida MNH,37652,CWPA,Brotogeris,cyanoptera,skin study,left wing,wing_Hwi,37.931
343,Florida MNH,39658,WBPA,Pionites,leucogaster,skin study,right wing,wing_Hwi,30.216
344,Florida MNH,19167,OCPA,Pionopsitta,barrabandi,skin study,right wing,wing_Hwi,31.737
345,Florida MNH,19167,OCPA,Pionopsitta,barrabandi,skin study,left wing,wing_Hwi,33.735
346,Florida MNH,19166,BHPA,Pionus,menstruus,skin study,left wing,wing_Hwi,32.979
347,Florida MNH,19166,BHPA,Pionus,menstruus,skin study,right wing,wing_Hwi,33.854
348,Bishop Museum,185544,BYMA,Ara,ararauna,wing spread,left wing,wing_Hwi,45.335
349,Carnegie MNH,P33810,MEPA,Amazona,farinosa,skin study,left wing,wing_Hwi,26.068
350,Carnegie MNH,P33810,MEPA,Amazona,farinosa,skin study,right wing,wing_Hwi,27.917
351,Carnegie MNH,P32229,MEPA,Amazona,farinosa,skin study,left wing,wing_Hwi,28.27
352,Carnegie MNH,P32229,MEPA,Amazona,farinosa,skin study,right wing,wing_Hwi,27.426
353,Carnegie MNH,P61975,MEPA,Amazona,farinosa,skin study,left wing,wing_Hwi,28.571
354,Carnegie MNH,P61975,MEPA,Amazona,farinosa,skin study,right wing,wing_Hwi,28.631
355,Carnegie MNH,P67902,MEPA,Amazona,farinosa,skin study,left wing,wing_Hwi,27.426
356,Carnegie MNH,P67902,MEPA,Amazona,farinosa,skin study,right wing,wing_Hwi,27.966
357,Carnegie MNH,S11326,MEPA,Amazona,farinosa,wing spread,left wing,wing_Hwi,33.333
358,Carnegie MNH,S14152,MEPA,Amazona,farinosa,wing spread,left wing,wing_Hwi,32.5
359,Carnegie MNH,S14370,MEPA,Amazona,farinosa,wing spread,left wing,wing_Hwi,33.061
360,Carnegie MNH,S15502,MEPA,Amazona,farinosa,wing spread,left wing,wing_Hwi,32.245
361,Carnegie MNH,P60438,YCPA,Amazona,ochrocephala,skin study,left wing,wing_Hwi,28.509
362,Carnegie MNH,P60438,YCPA,Amazona,ochrocephala,skin study,right wing,wing_Hwi,32.444
363,Carnegie MNH,P84234,YCPA,Amazona,ochrocephala,skin study,left wing,wing_Hwi,28.641
364,Carnegie MNH,P84234,YCPA,Amazona,ochrocephala,skin study,right wing,wing_Hwi,26.961
365,Carnegie MNH,P96477,YCPA,Amazona,ochrocephala,skin study,left wing,wing_Hwi,29.333
366,Carnegie MNH,P96477,YCPA,Amazona,ochrocephala,skin study,right wing,wing_Hwi,27.753
367,Carnegie MNH,P96478,YCPA,Amazona,ochrocephala,skin study,left wing,wing_Hwi,28.959
368,Carnegie MNH,P96478,YCPA,Amazona,ochrocephala,skin study,right wing,wing_Hwi,27.962
369,Carnegie MNH,S46388,YCPA,Amazona,ochrocephala,wing spread,right wing,wing_Hwi,31.579
370,Carnegie MNH,S14137,YCPA,Amazona,ochrocephala,wing spread,left wing,wing_Hwi,32.727
371,Carnegie MNH,S16178,YCPA,Amazona,ochrocephala,wing spread,right wing,wing_Hwi,33.186
372,Carnegie MNH,P42994,BYMA,Ara,ararauna,skin study,left wing,wing_Hwi,42.708
373,Carnegie MNH,P42994,BYMA,Ara,ararauna,skin study,right wing,wing_Hwi,41.47
374,Carnegie MNH,P38264,BYMA,Ara,ararauna,skin study,left wing,wing_Hwi,44.598
375,Carnegie MNH,P38264,BYMA,Ara,ararauna,skin study,right wing,wing_Hwi,40.556
376,Carnegie MNH,P38309,BYMA,Ara,ararauna,skin study,left wing,wing_Hwi,40.336
377,Carnegie MNH,P38309,BYMA,Ara,ararauna,skin study,right wing,wing_Hwi,41.944
378,Carnegie MNH,P43728,BYMA,Ara,ararauna,skin study,left wing,wing_Hwi,44.737
379,Carnegie MNH,P43728,BYMA,Ara,ararauna,skin study,right wing,wing_Hwi,40
380,Carnegie MNH,P33815,RGMA,Ara,chloropterus,skin study,left wing,wing_Hwi,40.05
381,Carnegie MNH,P33815,RGMA,Ara,chloropterus,skin study,right wing,wing_Hwi,35.98
382,Carnegie MNH,P36190,RGMA,Ara,chloropterus,skin study,left wing,wing_Hwi,39.691
383,Carnegie MNH,P36190,RGMA,Ara,chloropterus,skin study,right wing,wing_Hwi,42.711
384,Carnegie MNH,P42862,RGMA,Ara,chloropterus,skin study,left wing,wing_Hwi,40.674
385,Carnegie MNH,P42862,RGMA,Ara,chloropterus,skin study,right wing,wing_Hwi,39.529
386,Carnegie MNH,P44057,RGMA,Ara,chloropterus,skin study,left wing,wing_Hwi,38.303
387,Carnegie MNH,P44057,RGMA,Ara,chloropterus,skin study,right wing,wing_Hwi,37.368
388,Carnegie MNH,P51882,RGMA,Ara,chloropterus,skin study,left wing,wing_Hwi,39.894
389,Carnegie MNH,P51882,RGMA,Ara,chloropterus,skin study,right wing,wing_Hwi,39.418
390,Carnegie MNH,S11015,RGMA,Ara,chloropterus,wing spread,left wing,wing_Hwi,45.08
391,Carnegie MNH,P32371,SCMA,Ara,macao,skin study,left wing,wing_Hwi,48.259
392,Carnegie MNH,P32371,SCMA,Ara,macao,skin study,right wing,wing_Hwi,42.118
393,Carnegie MNH,P68662,SCMA,Ara,macao,skin study,left wing,wing_Hwi,37.5
394,Carnegie MNH,P68662,SCMA,Ara,macao,skin study,right wing,wing_Hwi,39.055
395,Carnegie MNH,P93893,SCMA,Ara,macao,skin study,left wing,wing_Hwi,44.75
396,Carnegie MNH,P93893,SCMA,Ara,macao,skin study,right wing,wing_Hwi,40.64
397,Carnegie MNH,S12349,SCMA,Ara,macao,wing spread,left wing,wing_Hwi,41.067
398,Carnegie MNH,S17056,SCMA,Ara,macao,wing spread,left wing,wing_Hwi,40.541
399,Carnegie MNH,P120034,GRMA,Ara,severus,skin study,left wing,wing_Hwi,40.417
400,Carnegie MNH,P120034,GRMA,Ara,severus,skin study,right wing,wing_Hwi,38.494
401,Carnegie MNH,P120035,GRMA,Ara,severus,skin study,left wing,wing_Hwi,41.079
402,Carnegie MNH,P120035,GRMA,Ara,severus,skin study,right wing,wing_Hwi,41.393
403,Carnegie MNH,P78949,GRMA,Ara,severus,skin study,left wing,wing_Hwi,39.749
404,Carnegie MNH,P78949,GRMA,Ara,severus,skin study,right wing,wing_Hwi,40.586
405,Carnegie MNH,P78988,GRMA,Ara,severus,skin study,left wing,wing_Hwi,38.589
406,Carnegie MNH,P78988,GRMA,Ara,severus,skin study,right wing,wing_Hwi,39.167
407,Carnegie MNH,P93528,GRMA,Ara,severus,skin study,left wing,wing_Hwi,40.816
408,Carnegie MNH,P93528,GRMA,Ara,severus,skin study,right wing,wing_Hwi,40.909
409,Carnegie MNH,P44066,DHPA,Aratinga,weddellii,skin study,left wing,wing_Hwi,40.602
410,Carnegie MNH,P44066,DHPA,Aratinga,weddellii,skin study,right wing,wing_Hwi,44.828
411,Carnegie MNH,P44067,DHPA,Aratinga,weddellii,skin study,left wing,wing_Hwi,47.143
412,Carnegie MNH,P44067,DHPA,Aratinga,weddellii,skin study,right wing,wing_Hwi,45.775
413,Carnegie MNH,P44069,DHPA,Aratinga,weddellii,skin study,left wing,wing_Hwi,44.853
414,Carnegie MNH,P44069,DHPA,Aratinga,weddellii,skin study,right wing,wing_Hwi,42.105
415,Carnegie MNH,P44070,DHPA,Aratinga,weddellii,skin study,left wing,wing_Hwi,44.444
416,Carnegie MNH,P44070,DHPA,Aratinga,weddellii,skin study,right wing,wing_Hwi,45.89
417,Carnegie MNH,P79544,DHPA,Aratinga,weddellii,skin study,left wing,wing_Hwi,44.604
418,Carnegie MNH,P79544,DHPA,Aratinga,weddellii,skin study,right wing,wing_Hwi,48.148
419,Carnegie MNH,P79897,DHPA,Aratinga,weddellii,skin study,left wing,wing_Hwi,45.522
420,Carnegie MNH,P79897,DHPA,Aratinga,weddellii,skin study,right wing,wing_Hwi,44.203
421,Carnegie MNH,P79898,DHPA,Aratinga,weddellii,skin study,left wing,wing_Hwi,42.657
422,Carnegie MNH,P79898,DHPA,Aratinga,weddellii,skin study,right wing,wing_Hwi,41.667
423,Carnegie MNH,P94676,DHPA,Aratinga,weddellii,skin study,left wing,wing_Hwi,44.056
424,Carnegie MNH,P94676,DHPA,Aratinga,weddellii,skin study,right wing,wing_Hwi,43.796
425,Carnegie MNH,P125060,CWPA,Brotogeris,cyanoptera,skin study,left wing,wing_Hwi,37.903
426,Carnegie MNH,P125060,CWPA,Brotogeris,cyanoptera,skin study,right wing,wing_Hwi,41.27
427,Carnegie MNH,P95683,CWPA,Brotogeris,cyanoptera,skin study,left wing,wing_Hwi,36.697
428,Carnegie MNH,P95683,CWPA,Brotogeris,cyanoptera,skin study,right wing,wing_Hwi,36.449
429,Carnegie MNH,P95790,CWPA,Brotogeris,cyanoptera,skin study,left wing,wing_Hwi,42.241
430,Carnegie MNH,P95790,CWPA,Brotogeris,cyanoptera,skin study,right wing,wing_Hwi,40
431,Carnegie MNH,P143555,,Brotogeris,tirica,skin study,left wing,wing_Hwi,40.336
432,Carnegie MNH,P143555,,Brotogeris,tirica,skin study,right wing,wing_Hwi,40.678
433,Carnegie MNH,P143559,,Brotogeris,tirica,skin study,left wing,wing_Hwi,42.373
434,Carnegie MNH,P143559,,Brotogeris,tirica,skin study,right wing,wing_Hwi,40
435,Carnegie MNH,S7782,,Brotogeris,tirica,wing spread,left wing,wing_Hwi,41.86
436,Carnegie MNH,S15755,,Forpus,coelestis,wing spread,left wing,wing_Hwi,40.741
437,Carnegie MNH,P38445,DBPA,Forpus,modestus,skin study,left wing,wing_Hwi,37.5
438,Carnegie MNH,P38445,DBPA,Forpus,modestus,skin study,right wing,wing_Hwi,37.805
439,Carnegie MNH,P38446,DBPA,Forpus,modestus,skin study,left wing,wing_Hwi,37.349
440,Carnegie MNH,P38446,DBPA,Forpus,modestus,skin study,right wing,wing_Hwi,38.824
441,Carnegie MNH,P87913,DBPA,Forpus,modestus,skin study,left wing,wing_Hwi,32
442,Carnegie MNH,P87913,DBPA,Forpus,modestus,skin study,right wing,wing_Hwi,35
443,Carnegie MNH,P88239,DBPA,Forpus,modestus,skin study,left wing,wing_Hwi,33.766
444,Carnegie MNH,P88239,DBPA,Forpus,modestus,skin study,right wing,wing_Hwi,31.169
445,Carnegie MNH,P72174,GRMA,Orthopsittaca,manilatus,skin study,left wing,wing_Hwi,42.791
446,Carnegie MNH,P72174,GRMA,Orthopsittaca,manilatus,skin study,right wing,wing_Hwi,44.495
447,Carnegie MNH,P72387,GRMA,Orthopsittaca,manilatus,skin study,left wing,wing_Hwi,49.593
448,Carnegie MNH,P72387,GRMA,Orthopsittaca,manilatus,skin study,right wing,wing_Hwi,49.167
449,Carnegie MNH,P82626,GRMA,Orthopsittaca,manilatus,skin study,left wing,wing_Hwi,41.204
450,Carnegie MNH,P82626,GRMA,Orthopsittaca,manilatus,skin study,right wing,wing_Hwi,44.24
451,Carnegie MNH,S11732,GRMA,Orthopsittaca,manilatus,wing spread,left wing,wing_Hwi,48.889
452,Carnegie MNH,S14824,GRMA,Orthopsittaca,manilatus,wing spread,left wing,wing_Hwi,49.785
453,Carnegie MNH,S15493,GRMA,Orthopsittaca,manilatus,wing spread,left wing,wing_Hwi,51.24
454,Carnegie MNH,S15494,GRMA,Orthopsittaca,manilatus,wing spread,right wing,wing_Hwi,51.037
455,Carnegie MNH,P38342,WBPA,Pionites,leucogaster,skin study,left wing,wing_Hwi,33.094
456,Carnegie MNH,P38342,WBPA,Pionites,leucogaster,skin study,right wing,wing_Hwi,34.028
457,Carnegie MNH,P38425,WBPA,Pionites,leucogaster,skin study,left wing,wing_Hwi,30.935
458,Carnegie MNH,P38425,WBPA,Pionites,leucogaster,skin study,right wing,wing_Hwi,31.206
459,Carnegie MNH,P86662,WBPA,Pionites,leucogaster,skin study,left wing,wing_Hwi,30.147
460,Carnegie MNH,P86662,WBPA,Pionites,leucogaster,skin study,right wing,wing_Hwi,32.857
461,Carnegie MNH,S14378,,Pionites,melanocephalus,wing spread,left wing,wing_Hwi,32.231
462,Carnegie MNH,S14823,,Pionites,melanocephalus,wing spread,right wing,wing_Hwi,32.576
463,Carnegie MNH,S15576,,Pionites,melanocephalus,wing spread,left wing,wing_Hwi,41.892
464,Carnegie MNH,P119787,BHPA,Pionus,menstruus,skin study,left wing,wing_Hwi,32.447
465,Carnegie MNH,P119787,BHPA,Pionus,menstruus,skin study,right wing,wing_Hwi,32.99
466,Carnegie MNH,P78906,BHPA,Pionus,menstruus,skin study,left wing,wing_Hwi,34.463
467,Carnegie MNH,P78906,BHPA,Pionus,menstruus,skin study,right wing,wing_Hwi,34.225
468,Carnegie MNH,P78938,BHPA,Pionus,menstruus,skin study,left wing,wing_Hwi,34.254
469,Carnegie MNH,P78938,BHPA,Pionus,menstruus,skin study,right wing,wing_Hwi,34.054
470,Carnegie MNH,P78939,BHPA,Pionus,menstruus,skin study,left wing,wing_Hwi,35.676
471,Carnegie MNH,P78939,BHPA,Pionus,menstruus,skin study,right wing,wing_Hwi,34.783
472,Carnegie MNH,S11335,BHPA,Pionus,menstruus,wing spread,left wing,wing_Hwi,39.227
473,Carnegie MNH,P120511,WEPA,Psittacara,leucophthalmus,skin study,left wing,wing_Hwi,41.667
474,Carnegie MNH,P120511,WEPA,Psittacara,leucophthalmus,skin study,right wing,wing_Hwi,41.566
475,Carnegie MNH,P38274,WEPA,Psittacara,leucophthalmus,skin study,left wing,wing_Hwi,41.818
476,Carnegie MNH,P38274,WEPA,Psittacara,leucophthalmus,skin study,right wing,wing_Hwi,41.463
477,Carnegie MNH,P44074,WEPA,Psittacara,leucophthalmus,skin study,left wing,wing_Hwi,41.436
478,Carnegie MNH,P44074,WEPA,Psittacara,leucophthalmus,skin study,right wing,wing_Hwi,46.524
479,Carnegie MNH,P72833,WEPA,Psittacara,leucophthalmus,skin study,left wing,wing_Hwi,42.857
480,Carnegie MNH,P72833,WEPA,Psittacara,leucophthalmus,skin study,right wing,wing_Hwi,41.566
481,Carnegie MNH,P91957,OCPA,Pyrilia,barrabandi,skin study,left wing,wing_Hwi,33.333
482,Carnegie MNH,P91957,OCPA,Pyrilia,barrabandi,skin study,right wing,wing_Hwi,36.184
483,Carnegie MNH,P91958,OCPA,Pyrilia,barrabandi,skin study,left wing,wing_Hwi,40.764
484,Carnegie MNH,P91958,OCPA,Pyrilia,barrabandi,skin study,right wing,wing_Hwi,37.975
485,Carnegie MNH,P96921,OCPA,Pyrilia,barrabandi,skin study,left wing,wing_Hwi,37.952
486,Carnegie MNH,P96921,OCPA,Pyrilia,barrabandi,skin study,right wing,wing_Hwi,32.099
487,Bishop Museum,185544,BYMA,Ara,ararauna,wing spread,left wing,E,49.21
488,Carnegie MNH,S11326,MEPA,Amazona,farinosa,wing spread,left wing,E,28
489,Carnegie MNH,S14152,MEPA,Amazona,farinosa,wing spread,left wing,E,29.5
490,Carnegie MNH,S14370,MEPA,Amazona,farinosa,wing spread,left wing,E,29.4
491,Carnegie MNH,S15502,MEPA,Amazona,farinosa,wing spread,left wing,E,31
492,Carnegie MNH,S46388,YCPA,Amazona,ochrocephala,wing spread,right wing,E,28.3
493,Carnegie MNH,S14137,YCPA,Amazona,ochrocephala,wing spread,left wing,E,27.8
494,Carnegie MNH,S16178,YCPA,Amazona,ochrocephala,wing spread,right wing,E,29
495,Carnegie MNH,S11015,RGMA,Ara,chloropterus,wing spread,left wing,E,51
496,Carnegie MNH,S12349,SCMA,Ara,macao,wing spread,left wing,E,46.3
497,Carnegie MNH,S17056,SCMA,Ara,macao,wing spread,left wing,E,53
498,Carnegie MNH,S14319,,Aratinga,mitrata,wing spread,left wing,E,24.8
499,Carnegie MNH,S6633,,Aratinga,solstitialis,wing spread,left wing,E,20.1
500,Carnegie MNH,S7782,,Brotogeris,tirica,wing spread,left wing,E,12.3
501,Carnegie MNH,S15755,,Forpus,coelestis,wing spread,left wing,E,9.4
502,Carnegie MNH,S11732,GRMA,Orthopsittaca,manilatus,wing spread,left wing,E,28.9
503,Carnegie MNH,S14824,GRMA,Orthopsittaca,manilatus,wing spread,left wing,E,31.5
504,Carnegie MNH,S15493,GRMA,Orthopsittaca,manilatus,wing spread,left wing,E,29.8
505,Carnegie MNH,S15494,GRMA,Orthopsittaca,manilatus,wing spread,right wing,E,30.7
506,Carnegie MNH,S14378,,Pionites,melanocephalus,wing spread,left wing,E,16.5
507,Carnegie MNH,S14823,,Pionites,melanocephalus,wing spread,right wing,E,19.1
508,Carnegie MNH,S15576,,Pionites,melanocephalus,wing spread,left wing,E,17.5
509,Carnegie MNH,S11335,BHPA,Pionus,menstruus,wing spread,left wing,E,23.7
510,Carnegie MNH,S7063,,Psittacula,krameri,wing spread,left wing,E,18.7
511,Carnegie MNH,S14126,,Psittacula,alexandri,wing spread,right wing,E,19.6
512,Carnegie MNH,S11032,,Psittacula,cyanocephala,wing spread,left wing,E,17.2
513,Florida MNH,10046,MEPA,Amazona,farinosa,skin study,left wing,culmen_SL,3.74
514,Florida MNH,12524,BYMA,Ara,ararauna,skin study,right wing,culmen_SL,6.5
515,Florida MNH,15624,RGMA,Ara,chloropterus,skin study,right wing,culmen_SL,6.4
516,Florida MNH,4491,SCMA,Ara,macao,skin study,right wing,culmen_SL,6.96
517,Florida MNH,4491,SCMA,Ara,macao,skin study,left wing,culmen_SL,6.233
518,Florida MNH,37643,SCMA,Ara,macao,skin study,right wing,culmen_SL,6.451
519,Florida MNH,37638,DHPA,Aratinga,weddellii,skin study,left wing,culmen_SL,2.15
520,Florida MNH,37652,CWPA,Brotogeris,cyanoptera,skin study,right wing,culmen_SL,1.8
521,Florida MNH,39658,WBPA,Pionites,leucogaster,skin study,right wing,culmen_SL,2.42
522,Florida MNH,19167,OCPA,Pionopsitta,barrabandi,skin study,right wing,culmen_SL,2.328
523,Florida MNH,12378,BHPA,Pionus,menstruus,skin study,right wing,culmen_SL,2.83
524,Florida MNH,19166,BHPA,Pionus,menstruus,skin study,left wing,culmen_SL,2.82
525,Carnegie MNH,P33810,MEPA,Amazona,farinosa,skin study,left wing,culmen_SL,3.53
526,Carnegie MNH,P32229,MEPA,Amazona,farinosa,skin study,left wing,culmen_SL,4.045
527,Carnegie MNH,P61975,MEPA,Amazona,farinosa,skin study,left wing,culmen_SL,4
528,Carnegie MNH,P67902,MEPA,Amazona,farinosa,skin study,left wing,culmen_SL,3.666
529,Carnegie MNH,P83121,MEPA,Amazona,farinosa,skin study,left wing,culmen_SL,4.22
530,Carnegie MNH,P60438,YCPA,Amazona,ochrocephala,skin study,left wing,culmen_SL,3.79
531,Carnegie MNH,P84234,YCPA,Amazona,ochrocephala,skin study,left wing,culmen_SL,3.75
532,Carnegie MNH,P96477,YCPA,Amazona,ochrocephala,skin study,left wing,culmen_SL,3.96
533,Carnegie MNH,P96478,YCPA,Amazona,ochrocephala,skin study,left wing,culmen_SL,3.78
534,Carnegie MNH,P42994,BYMA,Ara,ararauna,skin study,left wing,culmen_SL,7.25
535,Carnegie MNH,P38264,BYMA,Ara,ararauna,skin study,left wing,culmen_SL,6.77
536,Carnegie MNH,P38309,BYMA,Ara,ararauna,skin study,left wing,culmen_SL,6.19
537,Carnegie MNH,P43728,BYMA,Ara,ararauna,skin study,left wing,culmen_SL,6.33
538,Carnegie MNH,P33815,RGMA,Ara,chloropterus,skin study,left wing,culmen_SL,8.3
539,Carnegie MNH,P36190,RGMA,Ara,chloropterus,skin study,left wing,culmen_SL,8.32
540,Carnegie MNH,P42862,RGMA,Ara,chloropterus,skin study,left wing,culmen_SL,8.088
541,Carnegie MNH,P44057,RGMA,Ara,chloropterus,skin study,left wing,culmen_SL,8.33
542,Carnegie MNH,P51882,RGMA,Ara,chloropterus,skin study,left wing,culmen_SL,7.96
543,Carnegie MNH,P32371,SCMA,Ara,macao,skin study,left wing,culmen_SL,7
544,Carnegie MNH,P68662,SCMA,Ara,macao,skin study,left wing,culmen_SL,7.2
545,Carnegie MNH,P93893,SCMA,Ara,macao,skin study,left wing,culmen_SL,7.21
546,Carnegie MNH,P120034,GRMA,Ara,severus,skin study,left wing,culmen_SL,3.544
547,Carnegie MNH,P120035,GRMA,Ara,severus,skin study,left wing,culmen_SL,3.6
548,Carnegie MNH,P78949,GRMA,Ara,severus,skin study,left wing,culmen_SL,3.68
549,Carnegie MNH,P78988,GRMA,Ara,severus,skin study,left wing,culmen_SL,3.49
550,Carnegie MNH,P93528,GRMA,Ara,severus,skin study,left wing,culmen_SL,3.65
551,Carnegie MNH,P44066,DHPA,Aratinga,weddellii,skin study,left wing,culmen_SL,2.09
552,Carnegie MNH,P44067,DHPA,Aratinga,weddellii,skin study,left wing,culmen_SL,2.03
553,Carnegie MNH,P44069,DHPA,Aratinga,weddellii,skin study,left wing,culmen_SL,2.158
554,Carnegie MNH,P44070,DHPA,Aratinga,weddellii,skin study,left wing,culmen_SL,1.98
555,Carnegie MNH,P79544,DHPA,Aratinga,weddellii,skin study,left wing,culmen_SL,2.03
556,Carnegie MNH,P79897,DHPA,Aratinga,weddellii,skin study,left wing,culmen_SL,2.031
557,Carnegie MNH,P79898,DHPA,Aratinga,weddellii,skin study,left wing,culmen_SL,2.076
558,Carnegie MNH,P94676,DHPA,Aratinga,weddellii,skin study,left wing,culmen_SL,1.99
559,Carnegie MNH,P125060,CWPA,Brotogeris,cyanoptera,skin study,left wing,culmen_SL,1.91
560,Carnegie MNH,P95683,CWPA,Brotogeris,cyanoptera,skin study,left wing,culmen_SL,1.7
561,Carnegie MNH,P95790,CWPA,Brotogeris,cyanoptera,skin study,left wing,culmen_SL,1.81
562,Carnegie MNH,P143555,,Brotogeris,tirica,skin study,left wing,culmen_SL,1.7
563,Carnegie MNH,P143559,,Brotogeris,tirica,skin study,left wing,culmen_SL,1.62
564,Carnegie MNH,P38445,DBPA,Forpus,modestus,skin study,left wing,culmen_SL,1
565,Carnegie MNH,P38446,DBPA,Forpus,modestus,skin study,left wing,culmen_SL,1.15
566,Carnegie MNH,P87913,DBPA,Forpus,modestus,skin study,left wing,culmen_SL,1.1
567,Carnegie MNH,P88239,DBPA,Forpus,modestus,skin study,left wing,culmen_SL,1.125
568,Carnegie MNH,P72174,GRMA,Orthopsittaca,manilatus,skin study,left wing,culmen_SL,2.157
569,Carnegie MNH,P72387,GRMA,Orthopsittaca,manilatus,skin study,left wing,culmen_SL,2.662
570,Carnegie MNH,P82626,GRMA,Orthopsittaca,manilatus,skin study,left wing,culmen_SL,2.81
571,Carnegie MNH,P38342,WBPA,Pionites,leucogaster,skin study,left wing,culmen_SL,2.22
572,Carnegie MNH,P38425,WBPA,Pionites,leucogaster,skin study,left wing,culmen_SL,2.52
573,Carnegie MNH,P86662,WBPA,Pionites,leucogaster,skin study,left wing,culmen_SL,2.59
574,Carnegie MNH,P119787,BHPA,Pionus,menstruus,skin study,left wing,culmen_SL,2.58
575,Carnegie MNH,P78906,BHPA,Pionus,menstruus,skin study,left wing,culmen_SL,2.29
576,Carnegie MNH,P78938,BHPA,Pionus,menstruus,skin study,left wing,culmen_SL,2.34
577,Carnegie MNH,P78939,BHPA,Pionus,menstruus,skin study,left wing,culmen_SL,2.66
578,Carnegie MNH,P120511,WEPA,Psittacara,leucophthalmus,skin study,left wing,culmen_SL,2.64
579,Carnegie MNH,P38274,WEPA,Psittacara,leucophthalmus,skin study,left wing,culmen_SL,2.66
580,Carnegie MNH,P44074,WEPA,Psittacara,leucophthalmus,skin study,left wing,culmen_SL,2.78
581,Carnegie MNH,P72833,WEPA,Psittacara,leucophthalmus,skin study,left wing,culmen_SL,2.63
582,Carnegie MNH,P91957,OCPA,Pyrilia,barrabandi,skin study,left wing,culmen_SL,2.25
583,Carnegie MNH,P91958,OCPA,Pyrilia,barrabandi,skin study,left wing,culmen_SL,2.11
584,Carnegie MNH,P96921,OCPA,Pyrilia,barrabandi,skin study,left wing,culmen_SL,2.39
585,Florida MNH,10046,MEPA,Amazona,farinosa,skin study,left wing,culmen_CL,4.2
586,Florida MNH,12524,BYMA,Ara,ararauna,skin study,right wing,culmen_CL,7.7
587,Florida MNH,15624,RGMA,Ara,chloropterus,skin study,right wing,culmen_CL,7.4
588,Florida MNH,4491,SCMA,Ara,macao,skin study,right wing,culmen_CL,9
589,Florida MNH,4491,SCMA,Ara,macao,skin study,left wing,culmen_CL,6.9
590,Florida MNH,37643,SCMA,Ara,macao,skin study,right wing,culmen_CL,7.5
591,Florida MNH,37638,DHPA,Aratinga,weddellii,skin study,left wing,culmen_CL,2.4
592,Florida MNH,37652,CWPA,Brotogeris,cyanoptera,skin study,right wing,culmen_CL,2.2
593,Florida MNH,39658,WBPA,Pionites,leucogaster,skin study,right wing,culmen_CL,2.7
594,Florida MNH,19167,OCPA,Pionopsitta,barrabandi,skin study,right wing,culmen_CL,2.5
595,Florida MNH,12378,BHPA,Pionus,menstruus,skin study,right wing,culmen_CL,3.2
596,Florida MNH,19166,BHPA,Pionus,menstruus,skin study,left wing,culmen_CL,3.1
597,Carnegie MNH,P33810,MEPA,Amazona,farinosa,skin study,left wing,culmen_CL,4.6
598,Carnegie MNH,P32229,MEPA,Amazona,farinosa,skin study,left wing,culmen_CL,4.5
599,Carnegie MNH,P61975,MEPA,Amazona,farinosa,skin study,left wing,culmen_CL,4.6
600,Carnegie MNH,P67902,MEPA,Amazona,farinosa,skin study,left wing,culmen_CL,3.9
601,Carnegie MNH,P83121,MEPA,Amazona,farinosa,skin study,left wing,culmen_CL,5.9
602,Carnegie MNH,P60438,YCPA,Amazona,ochrocephala,skin study,left wing,culmen_CL,4.5
603,Carnegie MNH,P84234,YCPA,Amazona,ochrocephala,skin study,left wing,culmen_CL,4.1
604,Carnegie MNH,P96477,YCPA,Amazona,ochrocephala,skin study,left wing,culmen_CL,4.7
605,Carnegie MNH,P96478,YCPA,Amazona,ochrocephala,skin study,left wing,culmen_CL,4.4
606,Carnegie MNH,P42994,BYMA,Ara,ararauna,skin study,left wing,culmen_CL,8.5
607,Carnegie MNH,P38264,BYMA,Ara,ararauna,skin study,left wing,culmen_CL,7.9
608,Carnegie MNH,P38309,BYMA,Ara,ararauna,skin study,left wing,culmen_CL,7
609,Carnegie MNH,P43728,BYMA,Ara,ararauna,skin study,left wing,culmen_CL,7.5
610,Carnegie MNH,P33815,RGMA,Ara,chloropterus,skin study,left wing,culmen_CL,9.5
611,Carnegie MNH,P36190,RGMA,Ara,chloropterus,skin study,left wing,culmen_CL,9.9
612,Carnegie MNH,P42862,RGMA,Ara,chloropterus,skin study,left wing,culmen_CL,9.2
613,Carnegie MNH,P44057,RGMA,Ara,chloropterus,skin study,left wing,culmen_CL,9.6
614,Carnegie MNH,P51882,RGMA,Ara,chloropterus,skin study,left wing,culmen_CL,9.5
615,Carnegie MNH,P32371,SCMA,Ara,macao,skin study,left wing,culmen_CL,8
616,Carnegie MNH,P68662,SCMA,Ara,macao,skin study,left wing,culmen_CL,8.2
617,Carnegie MNH,P93893,SCMA,Ara,macao,skin study,left wing,culmen_CL,8.5
618,Carnegie MNH,P120034,GRMA,Ara,severus,skin study,left wing,culmen_CL,4
619,Carnegie MNH,P120035,GRMA,Ara,severus,skin study,left wing,culmen_CL,4.2
620,Carnegie MNH,P78949,GRMA,Ara,severus,skin study,left wing,culmen_CL,4.5
621,Carnegie MNH,P78988,GRMA,Ara,severus,skin study,left wing,culmen_CL,4.2
622,Carnegie MNH,P93528,GRMA,Ara,severus,skin study,left wing,culmen_CL,4.5
623,Carnegie MNH,P44066,DHPA,Aratinga,weddellii,skin study,left wing,culmen_CL,2.3
624,Carnegie MNH,P44067,DHPA,Aratinga,weddellii,skin study,left wing,culmen_CL,2.4
625,Carnegie MNH,P44069,DHPA,Aratinga,weddellii,skin study,left wing,culmen_CL,2.3
626,Carnegie MNH,P44070,DHPA,Aratinga,weddellii,skin study,left wing,culmen_CL,2.2
627,Carnegie MNH,P79544,DHPA,Aratinga,weddellii,skin study,left wing,culmen_CL,2.2
628,Carnegie MNH,P79897,DHPA,Aratinga,weddellii,skin study,left wing,culmen_CL,2.3
629,Carnegie MNH,P79898,DHPA,Aratinga,weddellii,skin study,left wing,culmen_CL,2.5
630,Carnegie MNH,P94676,DHPA,Aratinga,weddellii,skin study,left wing,culmen_CL,2.2
631,Carnegie MNH,P125060,CWPA,Brotogeris,cyanoptera,skin study,left wing,culmen_CL,2.5
632,Carnegie MNH,P95683,CWPA,Brotogeris,cyanoptera,skin study,left wing,culmen_CL,2
633,Carnegie MNH,P95790,CWPA,Brotogeris,cyanoptera,skin study,left wing,culmen_CL,2
634,Carnegie MNH,P143555,,Brotogeris,tirica,skin study,left wing,culmen_CL,1.9
635,Carnegie MNH,P143559,,Brotogeris,tirica,skin study,left wing,culmen_CL,2
636,Carnegie MNH,P38445,DBPA,Forpus,modestus,skin study,left wing,culmen_CL,1.2
637,Carnegie MNH,P38446,DBPA,Forpus,modestus,skin study,left wing,culmen_CL,1.2
638,Carnegie MNH,P87913,DBPA,Forpus,modestus,skin study,left wing,culmen_CL,1.2
639,Carnegie MNH,P88239,DBPA,Forpus,modestus,skin study,left wing,culmen_CL,1.2
640,Carnegie MNH,P72174,GRMA,Orthopsittaca,manilatus,skin study,left wing,culmen_CL,3
641,Carnegie MNH,P72387,GRMA,Orthopsittaca,manilatus,skin study,left wing,culmen_CL,3
642,Carnegie MNH,P82626,GRMA,Orthopsittaca,manilatus,skin study,left wing,culmen_CL,3.2
643,Carnegie MNH,P38342,WBPA,Pionites,leucogaster,skin study,left wing,culmen_CL,2.9
644,Carnegie MNH,P38425,WBPA,Pionites,leucogaster,skin study,left wing,culmen_CL,3.1
645,Carnegie MNH,P86662,WBPA,Pionites,leucogaster,skin study,left wing,culmen_CL,2.9
646,Carnegie MNH,P119787,BHPA,Pionus,menstruus,skin study,left wing,culmen_CL,2.9
647,Carnegie MNH,P78906,BHPA,Pionus,menstruus,skin study,left wing,culmen_CL,2.9
648,Carnegie MNH,P78938,BHPA,Pionus,menstruus,skin study,left wing,culmen_CL,2.8
649,Carnegie MNH,P78939,BHPA,Pionus,menstruus,skin study,left wing,culmen_CL,2.9
650,Carnegie MNH,P120511,WEPA,Psittacara,leucophthalmus,skin study,left wing,culmen_CL,3.1
651,Carnegie MNH,P38274,WEPA,Psittacara,leucophthalmus,skin study,left wing,culmen_CL,2.9
652,Carnegie MNH,P44074,WEPA,Psittacara,leucophthalmus,skin study,left wing,culmen_CL,3.1
653,Carnegie MNH,P72833,WEPA,Psittacara,leucophthalmus,skin study,left wing,culmen_CL,3.1
654,Carnegie MNH,P91957,OCPA,Pyrilia,barrabandi,skin study,left wing,culmen_CL,2.5
655,Carnegie MNH,P91958,OCPA,Pyrilia,barrabandi,skin study,left wing,culmen_CL,2.5
656,Carnegie MNH,P96921,OCPA,Pyrilia,barrabandi,skin study,left wing,culmen_CL,2.7
657,Florida MNH,10046,MEPA,Amazona,farinosa,skin study,left wing,mandib_SL,2.11
658,Florida MNH,12524,BYMA,Ara,ararauna,skin study,right wing,mandib_SL,3.66
659,Florida MNH,15624,RGMA,Ara,chloropterus,skin study,right wing,mandib_SL,4.06
660,Florida MNH,4491,SCMA,Ara,macao,skin study,right wing,mandib_SL,4.69
661,Florida MNH,4491,SCMA,Ara,macao,skin study,left wing,mandib_SL,3.69
662,Florida MNH,37643,SCMA,Ara,macao,skin study,right wing,mandib_SL,3.8
663,Florida MNH,37638,DHPA,Aratinga,weddellii,skin study,left wing,mandib_SL,1.46
664,Florida MNH,37652,CWPA,Brotogeris,cyanoptera,skin study,right wing,mandib_SL,1.43
665,Florida MNH,39658,WBPA,Pionites,leucogaster,skin study,right wing,mandib_SL,1.52
666,Florida MNH,19167,OCPA,Pionopsitta,barrabandi,skin study,right wing,mandib_SL,0.99
667,Florida MNH,12378,BHPA,Pionus,menstruus,skin study,right wing,mandib_SL,1.6
668,Florida MNH,19166,BHPA,Pionus,menstruus,skin study,left wing,mandib_SL,1.46
669,Carnegie MNH,P33810,MEPA,Amazona,farinosa,skin study,left wing,mandib_SL,1.987
670,Carnegie MNH,P32229,MEPA,Amazona,farinosa,skin study,left wing,mandib_SL,2.395
671,Carnegie MNH,P61975,MEPA,Amazona,farinosa,skin study,left wing,mandib_SL,2.17
672,Carnegie MNH,P67902,MEPA,Amazona,farinosa,skin study,left wing,mandib_SL,2.01
673,Carnegie MNH,P83121,MEPA,Amazona,farinosa,skin study,left wing,mandib_SL,2.11
674,Carnegie MNH,P60438,YCPA,Amazona,ochrocephala,skin study,left wing,mandib_SL,1.91
675,Carnegie MNH,P84234,YCPA,Amazona,ochrocephala,skin study,left wing,mandib_SL,1.89
676,Carnegie MNH,P96477,YCPA,Amazona,ochrocephala,skin study,left wing,mandib_SL,2.16
677,Carnegie MNH,P96478,YCPA,Amazona,ochrocephala,skin study,left wing,mandib_SL,2.38
678,Carnegie MNH,P42994,BYMA,Ara,ararauna,skin study,left wing,mandib_SL,3.84
679,Carnegie MNH,P38264,BYMA,Ara,ararauna,skin study,left wing,mandib_SL,4.16
680,Carnegie MNH,P38309,BYMA,Ara,ararauna,skin study,left wing,mandib_SL,3.64
681,Carnegie MNH,P43728,BYMA,Ara,ararauna,skin study,left wing,mandib_SL,3.24
682,Carnegie MNH,P33815,RGMA,Ara,chloropterus,skin study,left wing,mandib_SL,4.63
683,Carnegie MNH,P36190,RGMA,Ara,chloropterus,skin study,left wing,mandib_SL,4.7
684,Carnegie MNH,P42862,RGMA,Ara,chloropterus,skin study,left wing,mandib_SL,4.3
685,Carnegie MNH,P44057,RGMA,Ara,chloropterus,skin study,left wing,mandib_SL,4.5
686,Carnegie MNH,P51882,RGMA,Ara,chloropterus,skin study,left wing,mandib_SL,4.1
687,Carnegie MNH,P32371,SCMA,Ara,macao,skin study,left wing,mandib_SL,3.7
688,Carnegie MNH,P68662,SCMA,Ara,macao,skin study,left wing,mandib_SL,3.8
689,Carnegie MNH,P93893,SCMA,Ara,macao,skin study,left wing,mandib_SL,3.9
690,Carnegie MNH,P120034,GRMA,Ara,severus,skin study,left wing,mandib_SL,2.11
691,Carnegie MNH,P120035,GRMA,Ara,severus,skin study,left wing,mandib_SL,2.46
692,Carnegie MNH,P78949,GRMA,Ara,severus,skin study,left wing,mandib_SL,2.36
693,Carnegie MNH,P78988,GRMA,Ara,severus,skin study,left wing,mandib_SL,1.9
694,Carnegie MNH,P93528,GRMA,Ara,severus,skin study,left wing,mandib_SL,2.19
695,Carnegie MNH,P44066,DHPA,Aratinga,weddellii,skin study,left wing,mandib_SL,1.558
696,Carnegie MNH,P44067,DHPA,Aratinga,weddellii,skin study,left wing,mandib_SL,1.51
697,Carnegie MNH,P44069,DHPA,Aratinga,weddellii,skin study,left wing,mandib_SL,1.455
698,Carnegie MNH,P44070,DHPA,Aratinga,weddellii,skin study,left wing,mandib_SL,1.36
699,Carnegie MNH,P79544,DHPA,Aratinga,weddellii,skin study,left wing,mandib_SL,1.398
700,Carnegie MNH,P79897,DHPA,Aratinga,weddellii,skin study,left wing,mandib_SL,1.353
701,Carnegie MNH,P79898,DHPA,Aratinga,weddellii,skin study,left wing,mandib_SL,1.434
702,Carnegie MNH,P94676,DHPA,Aratinga,weddellii,skin study,left wing,mandib_SL,2
703,Carnegie MNH,P125060,CWPA,Brotogeris,cyanoptera,skin study,left wing,mandib_SL,1.04
704,Carnegie MNH,P95683,CWPA,Brotogeris,cyanoptera,skin study,left wing,mandib_SL,0.86
705,Carnegie MNH,P95790,CWPA,Brotogeris,cyanoptera,skin study,left wing,mandib_SL,1
706,Carnegie MNH,P143555,,Brotogeris,tirica,skin study,left wing,mandib_SL,0.85
707,Carnegie MNH,P143559,,Brotogeris,tirica,skin study,left wing,mandib_SL,0.93
708,Carnegie MNH,P38445,DBPA,Forpus,modestus,skin study,left wing,mandib_SL,0.75
709,Carnegie MNH,P38446,DBPA,Forpus,modestus,skin study,left wing,mandib_SL,0.8
710,Carnegie MNH,P87913,DBPA,Forpus,modestus,skin study,left wing,mandib_SL,0.8
711,Carnegie MNH,P88239,DBPA,Forpus,modestus,skin study,left wing,mandib_SL,0.7
712,Carnegie MNH,P72174,GRMA,Orthopsittaca,manilatus,skin study,left wing,mandib_SL,1.67
713,Carnegie MNH,P72387,GRMA,Orthopsittaca,manilatus,skin study,left wing,mandib_SL,1.6
714,Carnegie MNH,P82626,GRMA,Orthopsittaca,manilatus,skin study,left wing,mandib_SL,1.7
715,Carnegie MNH,P38342,WBPA,Pionites,leucogaster,skin study,left wing,mandib_SL,1.41
716,Carnegie MNH,P38425,WBPA,Pionites,leucogaster,skin study,left wing,mandib_SL,1.64
717,Carnegie MNH,P86662,WBPA,Pionites,leucogaster,skin study,left wing,mandib_SL,1.55
718,Carnegie MNH,P119787,BHPA,Pionus,menstruus,skin study,left wing,mandib_SL,1.4
719,Carnegie MNH,P78906,BHPA,Pionus,menstruus,skin study,left wing,mandib_SL,1.47
720,Carnegie MNH,P78938,BHPA,Pionus,menstruus,skin study,left wing,mandib_SL,1.09
721,Carnegie MNH,P78939,BHPA,Pionus,menstruus,skin study,left wing,mandib_SL,1.35
722,Carnegie MNH,P120511,WEPA,Psittacara,leucophthalmus,skin study,left wing,mandib_SL,1.81
723,Carnegie MNH,P38274,WEPA,Psittacara,leucophthalmus,skin study,left wing,mandib_SL,1.57
724,Carnegie MNH,P44074,WEPA,Psittacara,leucophthalmus,skin study,left wing,mandib_SL,1.88
725,Carnegie MNH,P72833,WEPA,Psittacara,leucophthalmus,skin study,left wing,mandib_SL,1.64
726,Carnegie MNH,P91957,OCPA,Pyrilia,barrabandi,skin study,left wing,mandib_SL,0.82
727,Carnegie MNH,P91958,OCPA,Pyrilia,barrabandi,skin study,left wing,mandib_SL,0.88
728,Carnegie MNH,P96921,OCPA,Pyrilia,barrabandi,skin study,left wing,mandib_SL,1
729,Florida MNH,10046,MEPA,Amazona,farinosa,skin study,left wing,mandib_CL,2.2
730,Florida MNH,12524,BYMA,Ara,ararauna,skin study,right wing,mandib_CL,3.5
731,Florida MNH,15624,RGMA,Ara,chloropterus,skin study,right wing,mandib_CL,4
732,Florida MNH,4491,SCMA,Ara,macao,skin study,right wing,mandib_CL,4.8
733,Florida MNH,4491,SCMA,Ara,macao,skin study,left wing,mandib_CL,3.7
734,Florida MNH,37643,SCMA,Ara,macao,skin study,right wing,mandib_CL,3.9
735,Florida MNH,37638,DHPA,Aratinga,weddellii,skin study,left wing,mandib_CL,1.51
736,Florida MNH,37652,CWPA,Brotogeris,cyanoptera,skin study,right wing,mandib_CL,1.5
737,Florida MNH,39658,WBPA,Pionites,leucogaster,skin study,right wing,mandib_CL,1.7
738,Florida MNH,19167,OCPA,Pionopsitta,barrabandi,skin study,right wing,mandib_CL,1.2
739,Florida MNH,12378,BHPA,Pionus,menstruus,skin study,right wing,mandib_CL,1.6
740,Florida MNH,19166,BHPA,Pionus,menstruus,skin study,left wing,mandib_CL,1.5
741,Carnegie MNH,P33810,MEPA,Amazona,farinosa,skin study,left wing,mandib_CL,2.1
742,Carnegie MNH,P32229,MEPA,Amazona,farinosa,skin study,left wing,mandib_CL,2.4
743,Carnegie MNH,P61975,MEPA,Amazona,farinosa,skin study,left wing,mandib_CL,2.1
744,Carnegie MNH,P67902,MEPA,Amazona,farinosa,skin study,left wing,mandib_CL,1.9
745,Carnegie MNH,P83121,MEPA,Amazona,farinosa,skin study,left wing,mandib_CL,2.4
746,Carnegie MNH,P60438,YCPA,Amazona,ochrocephala,skin study,left wing,mandib_CL,2.2
747,Carnegie MNH,P84234,YCPA,Amazona,ochrocephala,skin study,left wing,mandib_CL,1.9
748,Carnegie MNH,P96477,YCPA,Amazona,ochrocephala,skin study,left wing,mandib_CL,2.5
749,Carnegie MNH,P96478,YCPA,Amazona,ochrocephala,skin study,left wing,mandib_CL,2.2
750,Carnegie MNH,P42994,BYMA,Ara,ararauna,skin study,left wing,mandib_CL,4.1
751,Carnegie MNH,P38264,BYMA,Ara,ararauna,skin study,left wing,mandib_CL,4
752,Carnegie MNH,P38309,BYMA,Ara,ararauna,skin study,left wing,mandib_CL,3.5
753,Carnegie MNH,P43728,BYMA,Ara,ararauna,skin study,left wing,mandib_CL,3.5
754,Carnegie MNH,P33815,RGMA,Ara,chloropterus,skin study,left wing,mandib_CL,4.8
755,Carnegie MNH,P36190,RGMA,Ara,chloropterus,skin study,left wing,mandib_CL,5
756,Carnegie MNH,P42862,RGMA,Ara,chloropterus,skin study,left wing,mandib_CL,4.5
757,Carnegie MNH,P44057,RGMA,Ara,chloropterus,skin study,left wing,mandib_CL,4.5
758,Carnegie MNH,P51882,RGMA,Ara,chloropterus,skin study,left wing,mandib_CL,4.4
759,Carnegie MNH,P32371,SCMA,Ara,macao,skin study,left wing,mandib_CL,3.8
760,Carnegie MNH,P68662,SCMA,Ara,macao,skin study,left wing,mandib_CL,4
761,Carnegie MNH,P93893,SCMA,Ara,macao,skin study,left wing,mandib_CL,4.2
762,Carnegie MNH,P120034,GRMA,Ara,severus,skin study,left wing,mandib_CL,2.4
763,Carnegie MNH,P120035,GRMA,Ara,severus,skin study,left wing,mandib_CL,2.2
764,Carnegie MNH,P78949,GRMA,Ara,severus,skin study,left wing,mandib_CL,2.3
765,Carnegie MNH,P78988,GRMA,Ara,severus,skin study,left wing,mandib_CL,1.9
766,Carnegie MNH,P93528,GRMA,Ara,severus,skin study,left wing,mandib_CL,2.2
767,Carnegie MNH,P44066,DHPA,Aratinga,weddellii,skin study,left wing,mandib_CL,1.5
768,Carnegie MNH,P44067,DHPA,Aratinga,weddellii,skin study,left wing,mandib_CL,1.4
769,Carnegie MNH,P44069,DHPA,Aratinga,weddellii,skin study,left wing,mandib_CL,1.3
770,Carnegie MNH,P44070,DHPA,Aratinga,weddellii,skin study,left wing,mandib_CL,1.3
771,Carnegie MNH,P79544,DHPA,Aratinga,weddellii,skin study,left wing,mandib_CL,1.4
772,Carnegie MNH,P79897,DHPA,Aratinga,weddellii,skin study,left wing,mandib_CL,1.5
773,Carnegie MNH,P79898,DHPA,Aratinga,weddellii,skin study,left wing,mandib_CL,1.5
774,Carnegie MNH,P94676,DHPA,Aratinga,weddellii,skin study,left wing,mandib_CL,1.7
775,Carnegie MNH,P125060,CWPA,Brotogeris,cyanoptera,skin study,left wing,mandib_CL,1.2
776,Carnegie MNH,P95683,CWPA,Brotogeris,cyanoptera,skin study,left wing,mandib_CL,1
777,Carnegie MNH,P95790,CWPA,Brotogeris,cyanoptera,skin study,left wing,mandib_CL,1
778,Carnegie MNH,P143555,,Brotogeris,tirica,skin study,left wing,mandib_CL,1
779,Carnegie MNH,P143559,,Brotogeris,tirica,skin study,left wing,mandib_CL,1
780,Carnegie MNH,P38445,DBPA,Forpus,modestus,skin study,left wing,mandib_CL,0.8
781,Carnegie MNH,P38446,DBPA,Forpus,modestus,skin study,left wing,mandib_CL,0.8
782,Carnegie MNH,P87913,DBPA,Forpus,modestus,skin study,left wing,mandib_CL,0.8
783,Carnegie MNH,P88239,DBPA,Forpus,modestus,skin study,left wing,mandib_CL,0.8
784,Carnegie MNH,P72174,GRMA,Orthopsittaca,manilatus,skin study,left wing,mandib_CL,1.7
785,Carnegie MNH,P72387,GRMA,Orthopsittaca,manilatus,skin study,left wing,mandib_CL,1.9
786,Carnegie MNH,P82626,GRMA,Orthopsittaca,manilatus,skin study,left wing,mandib_CL,1.8
787,Carnegie MNH,P38342,WBPA,Pionites,leucogaster,skin study,left wing,mandib_CL,1.6
788,Carnegie MNH,P38425,WBPA,Pionites,leucogaster,skin study,left wing,mandib_CL,1.5
789,Carnegie MNH,P86662,WBPA,Pionites,leucogaster,skin study,left wing,mandib_CL,1.8
790,Carnegie MNH,P119787,BHPA,Pionus,menstruus,skin study,left wing,mandib_CL,1.5
791,Carnegie MNH,P78906,BHPA,Pionus,menstruus,skin study,left wing,mandib_CL,1.5
792,Carnegie MNH,P78938,BHPA,Pionus,menstruus,skin study,left wing,mandib_CL,1.2
793,Carnegie MNH,P78939,BHPA,Pionus,menstruus,skin study,left wing,mandib_CL,1.5
794,Carnegie MNH,P120511,WEPA,Psittacara,leucophthalmus,skin study,left wing,mandib_CL,1.9
795,Carnegie MNH,P38274,WEPA,Psittacara,leucophthalmus,skin study,left wing,mandib_CL,1.5
796,Carnegie MNH,P44074,WEPA,Psittacara,leucophthalmus,skin study,left wing,mandib_CL,1.8
797,Carnegie MNH,P72833,WEPA,Psittacara,leucophthalmus,skin study,left wing,mandib_CL,1.9
798,Carnegie MNH,P91957,OCPA,Pyrilia,barrabandi,skin study,left wing,mandib_CL,1
799,Carnegie MNH,P91958,OCPA,Pyrilia,barrabandi,skin study,left wing,mandib_CL,0.9
800,Carnegie MNH,P96921,OCPA,Pyrilia,barrabandi,skin study,left wing,mandib_CL,1
801,Florida MNH,10046,MEPA,Amazona,farinosa,skin study,left wing,culm_mand_SL,5.85
802,Florida MNH,12524,BYMA,Ara,ararauna,skin study,right wing,culm_mand_SL,10.16
803,Florida MNH,15624,RGMA,Ara,chloropterus,skin study,right wing,culm_mand_SL,10.46
804,Florida MNH,4491,SCMA,Ara,macao,skin study,right wing,culm_mand_SL,11.65
805,Florida MNH,4491,SCMA,Ara,macao,skin study,left wing,culm_mand_SL,9.923
806,Florida MNH,37643,SCMA,Ara,macao,skin study,right wing,culm_mand_SL,10.251
807,Florida MNH,37638,DHPA,Aratinga,weddellii,skin study,left wing,culm_mand_SL,3.61
808,Florida MNH,37652,CWPA,Brotogeris,cyanoptera,skin study,right wing,culm_mand_SL,3.23
809,Florida MNH,39658,WBPA,Pionites,leucogaster,skin study,right wing,culm_mand_SL,3.94
810,Florida MNH,19167,OCPA,Pionopsitta,barrabandi,skin study,right wing,culm_mand_SL,3.318
811,Florida MNH,12378,BHPA,Pionus,menstruus,skin study,right wing,culm_mand_SL,4.43
812,Florida MNH,19166,BHPA,Pionus,menstruus,skin study,left wing,culm_mand_SL,4.28
813,Carnegie MNH,P33810,MEPA,Amazona,farinosa,skin study,left wing,culm_mand_SL,5.517
814,Carnegie MNH,P32229,MEPA,Amazona,farinosa,skin study,left wing,culm_mand_SL,6.44
815,Carnegie MNH,P61975,MEPA,Amazona,farinosa,skin study,left wing,culm_mand_SL,6.17
816,Carnegie MNH,P67902,MEPA,Amazona,farinosa,skin study,left wing,culm_mand_SL,5.676
817,Carnegie MNH,P83121,MEPA,Amazona,farinosa,skin study,left wing,culm_mand_SL,6.33
818,Carnegie MNH,P60438,YCPA,Amazona,ochrocephala,skin study,left wing,culm_mand_SL,5.7
819,Carnegie MNH,P84234,YCPA,Amazona,ochrocephala,skin study,left wing,culm_mand_SL,5.64
820,Carnegie MNH,P96477,YCPA,Amazona,ochrocephala,skin study,left wing,culm_mand_SL,6.12
821,Carnegie MNH,P96478,YCPA,Amazona,ochrocephala,skin study,left wing,culm_mand_SL,6.16
822,Carnegie MNH,P42994,BYMA,Ara,ararauna,skin study,left wing,culm_mand_SL,11.09
823,Carnegie MNH,P38264,BYMA,Ara,ararauna,skin study,left wing,culm_mand_SL,10.93
824,Carnegie MNH,P38309,BYMA,Ara,ararauna,skin study,left wing,culm_mand_SL,9.83
825,Carnegie MNH,P43728,BYMA,Ara,ararauna,skin study,left wing,culm_mand_SL,9.57
826,Carnegie MNH,P33815,RGMA,Ara,chloropterus,skin study,left wing,culm_mand_SL,12.93
827,Carnegie MNH,P36190,RGMA,Ara,chloropterus,skin study,left wing,culm_mand_SL,13.02
828,Carnegie MNH,P42862,RGMA,Ara,chloropterus,skin study,left wing,culm_mand_SL,12.388
829,Carnegie MNH,P44057,RGMA,Ara,chloropterus,skin study,left wing,culm_mand_SL,12.83
830,Carnegie MNH,P51882,RGMA,Ara,chloropterus,skin study,left wing,culm_mand_SL,12.06
831,Carnegie MNH,P32371,SCMA,Ara,macao,skin study,left wing,culm_mand_SL,10.7
832,Carnegie MNH,P68662,SCMA,Ara,macao,skin study,left wing,culm_mand_SL,11
833,Carnegie MNH,P93893,SCMA,Ara,macao,skin study,left wing,culm_mand_SL,11.11
834,Carnegie MNH,P120034,GRMA,Ara,severus,skin study,left wing,culm_mand_SL,5.654
835,Carnegie MNH,P120035,GRMA,Ara,severus,skin study,left wing,culm_mand_SL,6.06
836,Carnegie MNH,P78949,GRMA,Ara,severus,skin study,left wing,culm_mand_SL,6.04
837,Carnegie MNH,P78988,GRMA,Ara,severus,skin study,left wing,culm_mand_SL,5.39
838,Carnegie MNH,P93528,GRMA,Ara,severus,skin study,left wing,culm_mand_SL,5.84
839,Carnegie MNH,P44066,DHPA,Aratinga,weddellii,skin study,left wing,culm_mand_SL,3.648
840,Carnegie MNH,P44067,DHPA,Aratinga,weddellii,skin study,left wing,culm_mand_SL,3.54
841,Carnegie MNH,P44069,DHPA,Aratinga,weddellii,skin study,left wing,culm_mand_SL,3.613
842,Carnegie MNH,P44070,DHPA,Aratinga,weddellii,skin study,left wing,culm_mand_SL,3.34
843,Carnegie MNH,P79544,DHPA,Aratinga,weddellii,skin study,left wing,culm_mand_SL,3.428
844,Carnegie MNH,P79897,DHPA,Aratinga,weddellii,skin study,left wing,culm_mand_SL,3.384
845,Carnegie MNH,P79898,DHPA,Aratinga,weddellii,skin study,left wing,culm_mand_SL,3.51
846,Carnegie MNH,P94676,DHPA,Aratinga,weddellii,skin study,left wing,culm_mand_SL,3.99
847,Carnegie MNH,P125060,CWPA,Brotogeris,cyanoptera,skin study,left wing,culm_mand_SL,2.95
848,Carnegie MNH,P95683,CWPA,Brotogeris,cyanoptera,skin study,left wing,culm_mand_SL,2.56
849,Carnegie MNH,P95790,CWPA,Brotogeris,cyanoptera,skin study,left wing,culm_mand_SL,2.81
850,Carnegie MNH,P143555,,Brotogeris,tirica,skin study,left wing,culm_mand_SL,2.55
851,Carnegie MNH,P143559,,Brotogeris,tirica,skin study,left wing,culm_mand_SL,2.55
852,Carnegie MNH,P38445,DBPA,Forpus,modestus,skin study,left wing,culm_mand_SL,1.75
853,Carnegie MNH,P38446,DBPA,Forpus,modestus,skin study,left wing,culm_mand_SL,1.95
854,Carnegie MNH,P87913,DBPA,Forpus,modestus,skin study,left wing,culm_mand_SL,1.9
855,Carnegie MNH,P88239,DBPA,Forpus,modestus,skin study,left wing,culm_mand_SL,1.825
856,Carnegie MNH,P72174,GRMA,Orthopsittaca,manilatus,skin study,left wing,culm_mand_SL,3.827
857,Carnegie MNH,P72387,GRMA,Orthopsittaca,manilatus,skin study,left wing,culm_mand_SL,4.262
858,Carnegie MNH,P82626,GRMA,Orthopsittaca,manilatus,skin study,left wing,culm_mand_SL,4.51
859,Carnegie MNH,P38342,WBPA,Pionites,leucogaster,skin study,left wing,culm_mand_SL,3.63
860,Carnegie MNH,P38425,WBPA,Pionites,leucogaster,skin study,left wing,culm_mand_SL,4.16
861,Carnegie MNH,P86662,WBPA,Pionites,leucogaster,skin study,left wing,culm_mand_SL,4.14
862,Carnegie MNH,P119787,BHPA,Pionus,menstruus,skin study,left wing,culm_mand_SL,3.98
863,Carnegie MNH,P78906,BHPA,Pionus,menstruus,skin study,left wing,culm_mand_SL,3.76
864,Carnegie MNH,P78938,BHPA,Pionus,menstruus,skin study,left wing,culm_mand_SL,3.43
865,Carnegie MNH,P78939,BHPA,Pionus,menstruus,skin study,left wing,culm_mand_SL,4.01
866,Carnegie MNH,P120511,WEPA,Psittacara,leucophthalmus,skin study,left wing,culm_mand_SL,4.45
867,Carnegie MNH,P38274,WEPA,Psittacara,leucophthalmus,skin study,left wing,culm_mand_SL,4.23
868,Carnegie MNH,P44074,WEPA,Psittacara,leucophthalmus,skin study,left wing,culm_mand_SL,4.66
869,Carnegie MNH,P72833,WEPA,Psittacara,leucophthalmus,skin study,left wing,culm_mand_SL,4.27
870,Carnegie MNH,P91957,OCPA,Pyrilia,barrabandi,skin study,left wing,culm_mand_SL,3.07
871,Carnegie MNH,P91958,OCPA,Pyrilia,barrabandi,skin study,left wing,culm_mand_SL,2.99
872,Carnegie MNH,P96921,OCPA,Pyrilia,barrabandi,skin study,left wing,culm_mand_SL,3.39
873,Harvard MCZ,173485,MEPA,Amazona,farinosa,skin study,right wing,wing_Lw,25.8
874,Harvard MCZ,173488,MEPA,Amazona,farinosa,skin study,right wing,wing_Lw,23.8
875,Harvard MCZ,173494,MEPA,Amazona,farinosa,skin study,right wing,wing_Lw,23.5
876,Harvard MCZ,104830,YCPA,Amazona,ochrocephala,skin study,right wing,wing_Lw,21.7
877,Harvard MCZ,121496,YCPA,Amazona,ochrocephala,skin study,right wing,wing_Lw,22.4
878,Harvard MCZ,121494,YCPA,Amazona,ochrocephala,skin study,right wing,wing_Lw,22.1
879,Harvard MCZ,155191,RGMA,Ara,chloropterus,skin study,right wing,wing_Lw,38.9
880,Harvard MCZ,143342,RGMA,Ara,chloropterus,skin study,right wing,wing_Lw,40.4
881,Harvard MCZ,154565,RGMA,Ara,chloropterus,skin study,right wing,wing_Lw,38.7
882,Harvard MCZ,143535,BYMA,Ara,ararauna,skin study,right wing,wing_Lw,38.1
883,Harvard MCZ,7524,BYMA,Ara,ararauna,skin study,right wing,wing_Lw,36.7
884,Harvard MCZ,96339,BYMA,Ara,ararauna,skin study,right wing,wing_Lw,37.7
885,Harvard MCZ,137803,SCMA,Ara,macao,skin study,right wing,wing_Lw,37.5
886,Harvard MCZ,107748,SCMA,Ara,macao,skin study,right wing,wing_Lw,37.2
887,Harvard MCZ,109102,,Ara,macao,skin study,right wing,wing_Lw,24.9
888,Harvard MCZ,143338,GRMA,Ara,severus,skin study,right wing,wing_Lw,22.7
889,Harvard MCZ,143336,GRMA,Ara,severus,skin study,right wing,wing_Lw,23.3
890,Harvard MCZ,173417,GRMA,Ara,severus,skin study,right wing,wing_Lw,22
891,Harvard MCZ,147354,GRMA,Orthopsittaca,manilatus,skin study,right wing,wing_Lw,21.6
892,Harvard MCZ,137808,GRMA,Orthopsittaca,manilatus,skin study,right wing,wing_Lw,24.2
893,Harvard MCZ,169012,GRMA,Orthopsittaca,manilatus,skin study,right wing,wing_Lw,22.8
894,Harvard MCZ,96351,DHPA,Aratinga,weddellii,skin study,right wing,wing_Lw,13.8
895,Harvard MCZ,263764,DHPA,Aratinga,weddellii,skin study,right wing,wing_Lw,14.2
896,Harvard MCZ,137810,DHPA,Aratinga,weddellii,skin study,right wing,wing_Lw,14.1
897,Harvard MCZ,263773,CWPA,Brotogeris,cyanoptera,skin study,right wing,wing_Lw,11.9
898,Harvard MCZ,263776,CWPA,Brotogeris,cyanoptera,skin study,right wing,wing_Lw,11.5
899,Harvard MCZ,263777,CWPA,Brotogeris,cyanoptera,skin study,right wing,wing_Lw,11.4
900,Harvard MCZ,263767,DBPA,Forpus,modestus,skin study,right wing,wing_Lw,7.6
901,Harvard MCZ,134977,WBPA,Pionites,leucogaster,skin study,right wing,wing_Lw,12.1
902,Harvard MCZ,173537,WBPA,Pionites,leucogaster,skin study,right wing,wing_Lw,12.8
903,Harvard MCZ,137860,WBPA,Pionites,leucogaster,skin study,right wing,wing_Lw,13.3
904,Harvard MCZ,137861,WBPA,Pionites,leucogaster,skin study,right wing,wing_Lw,14.2
905,Harvard MCZ,107756,BHPA,Pionus,menstruus,skin study,right wing,wing_Lw,16.8
906,Harvard MCZ,107758,BHPA,Pionus,menstruus,skin study,right wing,wing_Lw,17.6
907,Harvard MCZ,107760,BHPA,Pionus,menstruus,skin study,right wing,wing_Lw,17.3
908,Harvard MCZ,178213,WEPA,Psittacara,leucophthalmus,skin study,right wing,wing_Lw,18.2
909,Harvard MCZ,7497,WEPA,Psittacara,leucophthalmus,skin study,right wing,wing_Lw,18.8
910,Harvard MCZ,269822,WEPA,Psittacara,leucophthalmus,skin study,right wing,wing_Lw,18.8
911,Harvard MCZ,32621,OCPA,Pyrilia,barrabandi,skin study,right wing,wing_Lw,15.8
912,Harvard MCZ,147363,OCPA,Pyrilia,barrabandi,skin study,right wing,wing_Lw,16.9
913,Harvard MCZ,137854,OCPA,Pyrilia,barrabandi,skin study,right wing,wing_Lw,16.2
914,Harvard MCZ,173485,MEPA,Amazona,farinosa,skin study,left wing,wing_Lw,25.9
915,Harvard MCZ,173488,MEPA,Amazona,farinosa,skin study,left wing,wing_Lw,23.8
916,Harvard MCZ,173494,MEPA,Amazona,farinosa,skin study,left wing,wing_Lw,23.5
917,Harvard MCZ,104830,YCPA,Amazona,ochrocephala,skin study,left wing,wing_Lw,22.2
918,Harvard MCZ,121496,YCPA,Amazona,ochrocephala,skin study,left wing,wing_Lw,22.6
919,Harvard MCZ,121494,YCPA,Amazona,ochrocephala,skin study,left wing,wing_Lw,22
920,Harvard MCZ,155191,RGMA,Ara,chloropterus,skin study,left wing,wing_Lw,38.4
921,Harvard MCZ,143342,RGMA,Ara,chloropterus,skin study,left wing,wing_Lw,40.1
922,Harvard MCZ,154565,RGMA,Ara,chloropterus,skin study,left wing,wing_Lw,38.4
923,Harvard MCZ,143535,BYMA,Ara,ararauna,skin study,left wing,wing_Lw,38.1
924,Harvard MCZ,7524,BYMA,Ara,ararauna,skin study,left wing,wing_Lw,36.4
925,Harvard MCZ,96339,BYMA,Ara,ararauna,skin study,left wing,wing_Lw,37
926,Harvard MCZ,137803,SCMA,Ara,macao,skin study,left wing,wing_Lw,37.4
927,Harvard MCZ,107748,SCMA,Ara,macao,skin study,left wing,wing_Lw,37.1
928,Harvard MCZ,109102,,Ara,macao,skin study,left wing,wing_Lw,25
929,Harvard MCZ,143338,GRMA,Ara,severus,skin study,left wing,wing_Lw,22.6
930,Harvard MCZ,143336,GRMA,Ara,severus,skin study,left wing,wing_Lw,23.3
931,Harvard MCZ,173417,GRMA,Ara,severus,skin study,left wing,wing_Lw,22.5
932,Harvard MCZ,147354,GRMA,Orthopsittaca,manilatus,skin study,left wing,wing_Lw,21.4
933,Harvard MCZ,137808,GRMA,Orthopsittaca,manilatus,skin study,left wing,wing_Lw,24.4
934,Harvard MCZ,169012,GRMA,Orthopsittaca,manilatus,skin study,left wing,wing_Lw,23.2
935,Harvard MCZ,96351,DHPA,Aratinga,weddellii,skin study,left wing,wing_Lw,14.2
936,Harvard MCZ,263764,DHPA,Aratinga,weddellii,skin study,left wing,wing_Lw,14.2
937,Harvard MCZ,137810,DHPA,Aratinga,weddellii,skin study,left wing,wing_Lw,13.8
938,Harvard MCZ,263773,CWPA,Brotogeris,cyanoptera,skin study,left wing,wing_Lw,11.9
939,Harvard MCZ,263776,CWPA,Brotogeris,cyanoptera,skin study,left wing,wing_Lw,11.6
940,Harvard MCZ,263777,CWPA,Brotogeris,cyanoptera,skin study,left wing,wing_Lw,11.4
941,Harvard MCZ,263767,DBPA,Forpus,modestus,skin study,left wing,wing_Lw,7.6
942,Harvard MCZ,134977,WBPA,Pionites,leucogaster,skin study,left wing,wing_Lw,12.3
943,Harvard MCZ,173537,WBPA,Pionites,leucogaster,skin study,left wing,wing_Lw,12.9
944,Harvard MCZ,137860,WBPA,Pionites,leucogaster,skin study,left wing,wing_Lw,13
945,Harvard MCZ,137861,WBPA,Pionites,leucogaster,skin study,left wing,wing_Lw,14.4
946,Harvard MCZ,107756,BHPA,Pionus,menstruus,skin study,left wing,wing_Lw,17
947,Harvard MCZ,107758,BHPA,Pionus,menstruus,skin study,left wing,wing_Lw,17.6
948,Harvard MCZ,107760,BHPA,Pionus,menstruus,skin study,left wing,wing_Lw,17.3
949,Harvard MCZ,178213,WEPA,Psittacara,leucophthalmus,skin study,left wing,wing_Lw,18.1
950,Harvard MCZ,7497,WEPA,Psittacara,leucophthalmus,skin study,left wing,wing_Lw,18.7
951,Harvard MCZ,269822,WEPA,Psittacara,leucophthalmus,skin study,left wing,wing_Lw,18.8
952,Harvard MCZ,32621,OCPA,Pyrilia,barrabandi,skin study,left wing,wing_Lw,16
953,Harvard MCZ,147363,OCPA,Pyrilia,barrabandi,skin study,left wing,wing_Lw,16.9
954,Harvard MCZ,137854,OCPA,Pyrilia,barrabandi,skin study,left wing,wing_Lw,16.2
955,Harvard MCZ,173485,MEPA,Amazona,farinosa,skin study,right wing,wing_S1,18.1
956,Harvard MCZ,173488,MEPA,Amazona,farinosa,skin study,right wing,wing_S1,17
957,Harvard MCZ,173494,MEPA,Amazona,farinosa,skin study,right wing,wing_S1,17
958,Harvard MCZ,104830,YCPA,Amazona,ochrocephala,skin study,right wing,wing_S1,15.7
959,Harvard MCZ,121496,YCPA,Amazona,ochrocephala,skin study,right wing,wing_S1,16.8
960,Harvard MCZ,121494,YCPA,Amazona,ochrocephala,skin study,right wing,wing_S1,15.9
961,Harvard MCZ,155191,RGMA,Ara,chloropterus,skin study,right wing,wing_S1,23.3
962,Harvard MCZ,143342,RGMA,Ara,chloropterus,skin study,right wing,wing_S1,24.9
963,Harvard MCZ,154565,RGMA,Ara,chloropterus,skin study,right wing,wing_S1,23.4
964,Harvard MCZ,143535,BYMA,Ara,ararauna,skin study,right wing,wing_S1,23
965,Harvard MCZ,7524,BYMA,Ara,ararauna,skin study,right wing,wing_S1,21.7
966,Harvard MCZ,96339,BYMA,Ara,ararauna,skin study,right wing,wing_S1,22
967,Harvard MCZ,137803,SCMA,Ara,macao,skin study,right wing,wing_S1,22.2
968,Harvard MCZ,107748,SCMA,Ara,macao,skin study,right wing,wing_S1,21.1
969,Harvard MCZ,109102,,Ara,macao,skin study,right wing,wing_S1,21.3
970,Harvard MCZ,143338,GRMA,Ara,severus,skin study,right wing,wing_S1,13.8
971,Harvard MCZ,143336,GRMA,Ara,severus,skin study,right wing,wing_S1,13.8
972,Harvard MCZ,173417,GRMA,Ara,severus,skin study,right wing,wing_S1,13.5
973,Harvard MCZ,147354,GRMA,Orthopsittaca,manilatus,skin study,right wing,wing_S1,11.3
974,Harvard MCZ,137808,GRMA,Orthopsittaca,manilatus,skin study,right wing,wing_S1,12.2
975,Harvard MCZ,169012,GRMA,Orthopsittaca,manilatus,skin study,right wing,wing_S1,12.4
976,Harvard MCZ,96351,DHPA,Aratinga,weddellii,skin study,right wing,wing_S1,8
977,Harvard MCZ,263764,DHPA,Aratinga,weddellii,skin study,right wing,wing_S1,7.7
978,Harvard MCZ,137810,DHPA,Aratinga,weddellii,skin study,right wing,wing_S1,7.8
979,Harvard MCZ,263773,CWPA,Brotogeris,cyanoptera,skin study,right wing,wing_S1,7.5
980,Harvard MCZ,263776,CWPA,Brotogeris,cyanoptera,skin study,right wing,wing_S1,7.3
981,Harvard MCZ,263777,CWPA,Brotogeris,cyanoptera,skin study,right wing,wing_S1,7.1
982,Harvard MCZ,263767,DBPA,Forpus,modestus,skin study,right wing,wing_S1,4.9
983,Harvard MCZ,134977,WBPA,Pionites,leucogaster,skin study,right wing,wing_S1,8.4
984,Harvard MCZ,173537,WBPA,Pionites,leucogaster,skin study,right wing,wing_S1,8.7
985,Harvard MCZ,137860,WBPA,Pionites,leucogaster,skin study,right wing,wing_S1,9.2
986,Harvard MCZ,137861,WBPA,Pionites,leucogaster,skin study,right wing,wing_S1,9.7
987,Harvard MCZ,107756,BHPA,Pionus,menstruus,skin study,right wing,wing_S1,11.2
988,Harvard MCZ,107758,BHPA,Pionus,menstruus,skin study,right wing,wing_S1,11.6
989,Harvard MCZ,107760,BHPA,Pionus,menstruus,skin study,right wing,wing_S1,11.7
990,Harvard MCZ,178213,WEPA,Psittacara,leucophthalmus,skin study,right wing,wing_S1,10.5
991,Harvard MCZ,7497,WEPA,Psittacara,leucophthalmus,skin study,right wing,wing_S1,10.4
992,Harvard MCZ,269822,WEPA,Psittacara,leucophthalmus,skin study,right wing,wing_S1,10.3
993,Harvard MCZ,32621,OCPA,Pyrilia,barrabandi,skin study,right wing,wing_S1,10.4
994,Harvard MCZ,147363,OCPA,Pyrilia,barrabandi,skin study,right wing,wing_S1,10.7
995,Harvard MCZ,137854,OCPA,Pyrilia,barrabandi,skin study,right wing,wing_S1,10.9
996,Harvard MCZ,173485,MEPA,Amazona,farinosa,skin study,left wing,wing_S1,19.2
997,Harvard MCZ,173488,MEPA,Amazona,farinosa,skin study,left wing,wing_S1,17.6
998,Harvard MCZ,173494,MEPA,Amazona,farinosa,skin study,left wing,wing_S1,17.1
999,Harvard MCZ,104830,YCPA,Amazona,ochrocephala,skin study,left wing,wing_S1,15.5
1000,Harvard MCZ,121496,YCPA,Amazona,ochrocephala,skin study,left wing,wing_S1,16.3
1001,Harvard MCZ,121494,YCPA,Amazona,ochrocephala,skin study,left wing,wing_S1,15.7
1002,Harvard MCZ,155191,RGMA,Ara,chloropterus,skin study,left wing,wing_S1,22.9
1003,Harvard MCZ,143342,RGMA,Ara,chloropterus,skin study,left wing,wing_S1,24.4
1004,Harvard MCZ,154565,RGMA,Ara,chloropterus,skin study,left wing,wing_S1,23.8
1005,Harvard MCZ,143535,BYMA,Ara,ararauna,skin study,left wing,wing_S1,23.6
1006,Harvard MCZ,7524,BYMA,Ara,ararauna,skin study,left wing,wing_S1,21.7
1007,Harvard MCZ,96339,BYMA,Ara,ararauna,skin study,left wing,wing_S1,22
1008,Harvard MCZ,137803,SCMA,Ara,macao,skin study,left wing,wing_S1,22.1
1009,Harvard MCZ,107748,SCMA,Ara,macao,skin study,left wing,wing_S1,21.3
1010,Harvard MCZ,109102,,Ara,macao,skin study,left wing,wing_S1,21
1011,Harvard MCZ,143338,GRMA,Ara,severus,skin study,left wing,wing_S1,13.5
1012,Harvard MCZ,143336,GRMA,Ara,severus,skin study,left wing,wing_S1,13.8
1013,Harvard MCZ,173417,GRMA,Ara,severus,skin study,left wing,wing_S1,13.9
1014,Harvard MCZ,147354,GRMA,Orthopsittaca,manilatus,skin study,left wing,wing_S1,11.2
1015,Harvard MCZ,137808,GRMA,Orthopsittaca,manilatus,skin study,left wing,wing_S1,12.3
1016,Harvard MCZ,169012,GRMA,Orthopsittaca,manilatus,skin study,left wing,wing_S1,12.6
1017,Harvard MCZ,96351,DHPA,Aratinga,weddellii,skin study,left wing,wing_S1,8.4
1018,Harvard MCZ,263764,DHPA,Aratinga,weddellii,skin study,left wing,wing_S1,8
1019,Harvard MCZ,137810,DHPA,Aratinga,weddellii,skin study,left wing,wing_S1,7.7
1020,Harvard MCZ,263773,CWPA,Brotogeris,cyanoptera,skin study,left wing,wing_S1,7.5
1021,Harvard MCZ,263776,CWPA,Brotogeris,cyanoptera,skin study,left wing,wing_S1,7.3
1022,Harvard MCZ,263777,CWPA,Brotogeris,cyanoptera,skin study,left wing,wing_S1,7.1
1023,Harvard MCZ,263767,DBPA,Forpus,modestus,skin study,left wing,wing_S1,5
1024,Harvard MCZ,134977,WBPA,Pionites,leucogaster,skin study,left wing,wing_S1,8.5
1025,Harvard MCZ,173537,WBPA,Pionites,leucogaster,skin study,left wing,wing_S1,8.4
1026,Harvard MCZ,137860,WBPA,Pionites,leucogaster,skin study,left wing,wing_S1,8.9
1027,Harvard MCZ,137861,WBPA,Pionites,leucogaster,skin study,left wing,wing_S1,10
1028,Harvard MCZ,107756,BHPA,Pionus,menstruus,skin study,left wing,wing_S1,11.4
1029,Harvard MCZ,107758,BHPA,Pionus,menstruus,skin study,left wing,wing_S1,11.4
1030,Harvard MCZ,107760,BHPA,Pionus,menstruus,skin study,left wing,wing_S1,11.7
1031,Harvard MCZ,178213,WEPA,Psittacara,leucophthalmus,skin study,left wing,wing_S1,10.5
1032,Harvard MCZ,7497,WEPA,Psittacara,leucophthalmus,skin study,left wing,wing_S1,10.4
1033,Harvard MCZ,269822,WEPA,Psittacara,leucophthalmus,skin study,left wing,wing_S1,10.3
1034,Harvard MCZ,32621,OCPA,Pyrilia,barrabandi,skin study,left wing,wing_S1,10.5
1035,Harvard MCZ,147363,OCPA,Pyrilia,barrabandi,skin study,left wing,wing_S1,10.7
1036,Harvard MCZ,137854,OCPA,Pyrilia,barrabandi,skin study,left wing,wing_S1,10.7
1037,Harvard MCZ,173485,MEPA,Amazona,farinosa,skin study,right wing,wing_Hwi,29.84496124
1038,Harvard MCZ,173488,MEPA,Amazona,farinosa,skin study,right wing,wing_Hwi,28.57142857
1039,Harvard MCZ,173494,MEPA,Amazona,farinosa,skin study,right wing,wing_Hwi,27.65957447
1040,Harvard MCZ,104830,YCPA,Amazona,ochrocephala,skin study,right wing,wing_Hwi,27.64976959
1041,Harvard MCZ,121496,YCPA,Amazona,ochrocephala,skin study,right wing,wing_Hwi,25
1042,Harvard MCZ,121494,YCPA,Amazona,ochrocephala,skin study,right wing,wing_Hwi,28.05429864
1043,Harvard MCZ,155191,RGMA,Ara,chloropterus,skin study,right wing,wing_Hwi,40.10282776
1044,Harvard MCZ,143342,RGMA,Ara,chloropterus,skin study,right wing,wing_Hwi,38.36633663
1045,Harvard MCZ,154565,RGMA,Ara,chloropterus,skin study,right wing,wing_Hwi,39.53488372
1046,Harvard MCZ,143535,BYMA,Ara,ararauna,skin study,right wing,wing_Hwi,39.63254593
1047,Harvard MCZ,7524,BYMA,Ara,ararauna,skin study,right wing,wing_Hwi,40.8719346
1048,Harvard MCZ,96339,BYMA,Ara,ararauna,skin study,right wing,wing_Hwi,41.64456233
1049,Harvard MCZ,137803,SCMA,Ara,macao,skin study,right wing,wing_Hwi,40.8
1050,Harvard MCZ,107748,SCMA,Ara,macao,skin study,right wing,wing_Hwi,43.27956989
1051,Harvard MCZ,109102,,Ara,macao,skin study,right wing,wing_Hwi,14.45783133
1052,Harvard MCZ,143338,GRMA,Ara,severus,skin study,right wing,wing_Hwi,39.20704846
1053,Harvard MCZ,143336,GRMA,Ara,severus,skin study,right wing,wing_Hwi,40.77253219
1054,Harvard MCZ,173417,GRMA,Ara,severus,skin study,right wing,wing_Hwi,38.63636364
1055,Harvard MCZ,147354,GRMA,Orthopsittaca,manilatus,skin study,right wing,wing_Hwi,47.68518519
1056,Harvard MCZ,137808,GRMA,Orthopsittaca,manilatus,skin study,right wing,wing_Hwi,49.58677686
1057,Harvard MCZ,169012,GRMA,Orthopsittaca,manilatus,skin study,right wing,wing_Hwi,45.61403509
1058,Harvard MCZ,96351,DHPA,Aratinga,weddellii,skin study,right wing,wing_Hwi,42.02898551
1059,Harvard MCZ,263764,DHPA,Aratinga,weddellii,skin study,right wing,wing_Hwi,45.77464789
1060,Harvard MCZ,137810,DHPA,Aratinga,weddellii,skin study,right wing,wing_Hwi,44.68085106
1061,Harvard MCZ,263773,CWPA,Brotogeris,cyanoptera,skin study,right wing,wing_Hwi,36.97478992
1062,Harvard MCZ,263776,CWPA,Brotogeris,cyanoptera,skin study,right wing,wing_Hwi,36.52173913
1063,Harvard MCZ,263777,CWPA,Brotogeris,cyanoptera,skin study,right wing,wing_Hwi,37.71929825
1064,Harvard MCZ,263767,DBPA,Forpus,modestus,skin study,right wing,wing_Hwi,35.52631579
1065,Harvard MCZ,134977,WBPA,Pionites,leucogaster,skin study,right wing,wing_Hwi,30.5785124
1066,Harvard MCZ,173537,WBPA,Pionites,leucogaster,skin study,right wing,wing_Hwi,32.03125
1067,Harvard MCZ,137860,WBPA,Pionites,leucogaster,skin study,right wing,wing_Hwi,30.82706767
1068,Harvard MCZ,137861,WBPA,Pionites,leucogaster,skin study,right wing,wing_Hwi,31.69014085
1069,Harvard MCZ,107756,BHPA,Pionus,menstruus,skin study,right wing,wing_Hwi,33.33333333
1070,Harvard MCZ,107758,BHPA,Pionus,menstruus,skin study,right wing,wing_Hwi,34.09090909
1071,Harvard MCZ,107760,BHPA,Pionus,menstruus,skin study,right wing,wing_Hwi,32.3699422
1072,Harvard MCZ,178213,WEPA,Psittacara,leucophthalmus,skin study,right wing,wing_Hwi,42.30769231
1073,Harvard MCZ,7497,WEPA,Psittacara,leucophthalmus,skin study,right wing,wing_Hwi,44.68085106
1074,Harvard MCZ,269822,WEPA,Psittacara,leucophthalmus,skin study,right wing,wing_Hwi,45.21276596
1075,Harvard MCZ,32621,OCPA,Pyrilia,barrabandi,skin study,right wing,wing_Hwi,34.17721519
1076,Harvard MCZ,147363,OCPA,Pyrilia,barrabandi,skin study,right wing,wing_Hwi,36.68639053
1077,Harvard MCZ,137854,OCPA,Pyrilia,barrabandi,skin study,right wing,wing_Hwi,32.71604938
1078,Harvard MCZ,173485,MEPA,Amazona,farinosa,skin study,left wing,wing_Hwi,25.86872587
1079,Harvard MCZ,173488,MEPA,Amazona,farinosa,skin study,left wing,wing_Hwi,26.05042017
1080,Harvard MCZ,173494,MEPA,Amazona,farinosa,skin study,left wing,wing_Hwi,27.23404255
1081,Harvard MCZ,104830,YCPA,Amazona,ochrocephala,skin study,left wing,wing_Hwi,30.18018018
1082,Harvard MCZ,121496,YCPA,Amazona,ochrocephala,skin study,left wing,wing_Hwi,27.87610619
1083,Harvard MCZ,121494,YCPA,Amazona,ochrocephala,skin study,left wing,wing_Hwi,28.63636364
1084,Harvard MCZ,155191,RGMA,Ara,chloropterus,skin study,left wing,wing_Hwi,40.36458333
1085,Harvard MCZ,143342,RGMA,Ara,chloropterus,skin study,left wing,wing_Hwi,39.1521197
1086,Harvard MCZ,154565,RGMA,Ara,chloropterus,skin study,left wing,wing_Hwi,38.02083333
1087,Harvard MCZ,143535,BYMA,Ara,ararauna,skin study,left wing,wing_Hwi,38.05774278
1088,Harvard MCZ,7524,BYMA,Ara,ararauna,skin study,left wing,wing_Hwi,40.38461538
1089,Harvard MCZ,96339,BYMA,Ara,ararauna,skin study,left wing,wing_Hwi,40.54054054
1090,Harvard MCZ,137803,SCMA,Ara,macao,skin study,left wing,wing_Hwi,40.90909091
1091,Harvard MCZ,107748,SCMA,Ara,macao,skin study,left wing,wing_Hwi,42.58760108
1092,Harvard MCZ,109102,,Ara,macao,skin study,left wing,wing_Hwi,16
1093,Harvard MCZ,143338,GRMA,Ara,severus,skin study,left wing,wing_Hwi,40.26548673
1094,Harvard MCZ,143336,GRMA,Ara,severus,skin study,left wing,wing_Hwi,40.77253219
1095,Harvard MCZ,173417,GRMA,Ara,severus,skin study,left wing,wing_Hwi,38.22222222
1096,Harvard MCZ,147354,GRMA,Orthopsittaca,manilatus,skin study,left wing,wing_Hwi,47.6635514
1097,Harvard MCZ,137808,GRMA,Orthopsittaca,manilatus,skin study,left wing,wing_Hwi,49.59016393
1098,Harvard MCZ,169012,GRMA,Orthopsittaca,manilatus,skin study,left wing,wing_Hwi,45.68965517
1099,Harvard MCZ,96351,DHPA,Aratinga,weddellii,skin study,left wing,wing_Hwi,40.84507042
1100,Harvard MCZ,263764,DHPA,Aratinga,weddellii,skin study,left wing,wing_Hwi,43.66197183
1101,Harvard MCZ,137810,DHPA,Aratinga,weddellii,skin study,left wing,wing_Hwi,44.20289855
1102,Harvard MCZ,263773,CWPA,Brotogeris,cyanoptera,skin study,left wing,wing_Hwi,36.97478992
1103,Harvard MCZ,263776,CWPA,Brotogeris,cyanoptera,skin study,left wing,wing_Hwi,37.06896552
1104,Harvard MCZ,263777,CWPA,Brotogeris,cyanoptera,skin study,left wing,wing_Hwi,37.71929825
1105,Harvard MCZ,263767,DBPA,Forpus,modestus,skin study,left wing,wing_Hwi,34.21052632
1106,Harvard MCZ,134977,WBPA,Pionites,leucogaster,skin study,left wing,wing_Hwi,30.89430894
1107,Harvard MCZ,173537,WBPA,Pionites,leucogaster,skin study,left wing,wing_Hwi,34.88372093
1108,Harvard MCZ,137860,WBPA,Pionites,leucogaster,skin study,left wing,wing_Hwi,31.53846154
1109,Harvard MCZ,137861,WBPA,Pionites,leucogaster,skin study,left wing,wing_Hwi,30.55555556
1110,Harvard MCZ,107756,BHPA,Pionus,menstruus,skin study,left wing,wing_Hwi,32.94117647
1111,Harvard MCZ,107758,BHPA,Pionus,menstruus,skin study,left wing,wing_Hwi,35.22727273
1112,Harvard MCZ,107760,BHPA,Pionus,menstruus,skin study,left wing,wing_Hwi,32.3699422
1113,Harvard MCZ,178213,WEPA,Psittacara,leucophthalmus,skin study,left wing,wing_Hwi,41.98895028
1114,Harvard MCZ,7497,WEPA,Psittacara,leucophthalmus,skin study,left wing,wing_Hwi,44.38502674
1115,Harvard MCZ,269822,WEPA,Psittacara,leucophthalmus,skin study,left wing,wing_Hwi,45.21276596
1116,Harvard MCZ,32621,OCPA,Pyrilia,barrabandi,skin study,left wing,wing_Hwi,34.375
1117,Harvard MCZ,147363,OCPA,Pyrilia,barrabandi,skin study,left wing,wing_Hwi,36.68639053
1118,Harvard MCZ,137854,OCPA,Pyrilia,barrabandi,skin study,left wing,wing_Hwi,33.95061728